-- MySQL dump 10.13  Distrib 8.0.27, for Win64 (x86_64)
--
-- Host: localhost    Database: bookstore
-- ------------------------------------------------------
-- Server version	8.0.27

/*!40101 SET @OLD_CHARACTER_SET_CLIENT=@@CHARACTER_SET_CLIENT */;
/*!40101 SET @OLD_CHARACTER_SET_RESULTS=@@CHARACTER_SET_RESULTS */;
/*!40101 SET @OLD_COLLATION_CONNECTION=@@COLLATION_CONNECTION */;
/*!50503 SET NAMES utf8 */;
/*!40103 SET @OLD_TIME_ZONE=@@TIME_ZONE */;
/*!40103 SET TIME_ZONE='+00:00' */;
/*!40014 SET @OLD_UNIQUE_CHECKS=@@UNIQUE_CHECKS, UNIQUE_CHECKS=0 */;
/*!40014 SET @OLD_FOREIGN_KEY_CHECKS=@@FOREIGN_KEY_CHECKS, FOREIGN_KEY_CHECKS=0 */;
/*!40101 SET @OLD_SQL_MODE=@@SQL_MODE, SQL_MODE='NO_AUTO_VALUE_ON_ZERO' */;
/*!40111 SET @OLD_SQL_NOTES=@@SQL_NOTES, SQL_NOTES=0 */;

--
-- Table structure for table `author`
--

DROP TABLE IF EXISTS `author`;
/*!40101 SET @saved_cs_client     = @@character_set_client */;
/*!50503 SET character_set_client = utf8mb4 */;
CREATE TABLE `author` (
  `id` int NOT NULL AUTO_INCREMENT,
  `name` varchar(200) DEFAULT NULL,
  `description` text,
  `photo` varchar(200) DEFAULT NULL,
  PRIMARY KEY (`id`)
) ENGINE=InnoDB AUTO_INCREMENT=56 DEFAULT CHARSET=utf8mb4 COLLATE=utf8mb4_0900_ai_ci;
/*!40101 SET character_set_client = @saved_cs_client */;

--
-- Dumping data for table `author`
--

LOCK TABLES `author` WRITE;
/*!40000 ALTER TABLE `author` DISABLE KEYS */;
INSERT INTO `author` VALUES (4,'Tô Hoài','<p>T&ocirc; Ho&agrave;i (t&ecirc;n khai sinh: Nguyễn Sen; 27 th&aacute;ng 9 năm 1920 &ndash; 6 th&aacute;ng 7 năm 2014) l&agrave; một nh&agrave; văn Việt Nam. Một số t&aacute;c phẩm đề t&agrave;i thiếu nhi của &ocirc;ng được dịch ra ngoại ngữ. &Ocirc;ng được nh&agrave; nước Việt Nam trao tặng Giải thưởng Hồ Ch&iacute; Minh về Văn học &ndash; Nghệ thuật Đợt 1 (1996) cho c&aacute;c t&aacute;c phẩm: X&oacute;m giếng, Nh&agrave; ngh&egrave;o, O chuột, Dế m&egrave;n phi&ecirc;u lưu k&yacute;, N&uacute;i Cứu quốc, Truyện T&acirc;y Bắc, Mười năm, Xuống l&agrave;ng, Vỡ tỉnh, T&agrave;o lường, Họ Gi&agrave;ng ở Ph&igrave;n Sa, Miền T&acirc;y, Vợ chồng A Phủ, Tuổi trẻ Ho&agrave;ng Văn Thụ.</p>','to-hoai.png'),(5,'Nam Cao','<p>Nh&agrave; văn Nam Cao t&ecirc;n thật l&agrave; Nguyễn Hữu Tri sinh ng&agrave;y 20/10/1915, qu&ecirc; ở L&yacute; Nh&acirc;n, H&agrave; Nam. &Ocirc;ng l&agrave; một nh&agrave; văn hiện thực ph&ecirc; ph&aacute;n (trước C&aacute;ch mạng) v&agrave; được xem l&agrave; một trong những nh&agrave; văn ti&ecirc;u biểu nhất của thế kỉ XX. Nam Cao c&ograve;n l&agrave; người c&oacute; đ&oacute;ng g&oacute;p quan trọng đối với việc ho&agrave;n thiện phong c&aacute;ch viết truyện ngắn v&agrave; tiểu thuyết Việt Nam ở nửa đầu thế kỉ XX. &Ocirc;ng được sinh ra trong một gia đ&igrave;nh c&ocirc;ng gi&aacute;o bậc trung. Nam Cao l&agrave;m rất nhiều c&ocirc;ng việc mưu sinh kh&aacute;c nhau, l&agrave;m thư k&yacute; cho một hiệu may, dạy học, viết b&aacute;o kiếm sống,.. với vốn sống phong ph&uacute; Nam Cao đ&atilde; cho ra đời rất nhiều t&aacute;c phẩm c&oacute; gi&aacute; trị cho đến ng&agrave;y nay. Đối với Nam Cao &ndash; &ldquo;nghệ thuật kh&ocirc;ng cần phải l&agrave; &aacute;nh trắng lừa dối, nghệ thuật kh&ocirc;ng n&ecirc;n l&agrave; &aacute;nh trăng lừa dối, nghệ thuật chỉ c&oacute; thể l&agrave; tiếng đau khổ kia tho&aacute;t ra từ những kiếp lầm than&rdquo;. &Ocirc;ng cho rằng nghệ thuật kh&ocirc;ng được xa rời thực tế m&agrave; n&oacute; phải l&agrave; chất liệu từ cuộc sống v&agrave; mục đ&iacute;ch của n&oacute; l&agrave; phục vụ con người, phục vụ cuộc sống của ch&uacute;ng ta. Mỗi một nh&agrave; văn trước khi muốn thể hiện cuộc sống tr&ecirc;n trang giấy th&igrave; cần phải nh&igrave;n v&agrave;o cuộc sống của nh&acirc;n d&acirc;n, phải l&ecirc;n &aacute;n những th&oacute;i hư tật xấu, sự bất c&ocirc;ng trong x&atilde; hội, phải đồng cảm với nh&acirc;n d&acirc;n th&igrave; đ&oacute; mới l&agrave; nghệ thuật.</p>','nam-cao.png'),(7,'Thomas L. Friedman','<p>Thomas Loren Friedman (sinh ng&agrave;y 20 th&aacute;ng 7 năm 1953) l&agrave; 1 nh&agrave; b&aacute;o, nh&agrave; b&igrave;nh luận người Mỹ về quan hệ ch&iacute;nh trị giữa c&aacute;c nước, bao gồm việc mậu dịch quốc tế, c&aacute;c vấn đề Trung Đ&ocirc;ng, to&agrave;n cầu h&oacute;a v&agrave; c&aacute;c vấn đề m&ocirc;i trường kh&ocirc;ng kh&iacute;. &Ocirc;ng l&agrave; chủ 1 chuy&ecirc;n mục xuất hiện tr&ecirc;n b&aacute;o The New York Times 2 lần 1 tuần. &Ocirc;ng chủ yếu viết về đề t&agrave;i đối ngoại bao gồm thương mại to&agrave;n cầu, Trung Đ&ocirc;ng v&agrave; c&aacute;c vấn đề m&ocirc;i trường. &Ocirc;ng đ&atilde; 3 lần đoạt giải Pulitzer, 2 lần cho mảng Ph&oacute;ng sự quốc tế \"International Reporting\" (1983,1988) v&agrave; 1 lần cho mảng B&igrave;nh luận \"Commentary\"(2002). Kể từ năm 2004, &ocirc;ng l&agrave; 1 th&agrave;nh vi&ecirc;n của Hội đồng Giải thưởng Pulitzer. Đồng thời, &ocirc;ng l&agrave; t&aacute;c giả của cuốn s&aacute;ch Thế giới phẳng.</p>','thomas-l-friedman.png'),(8,'John Brooks','<p>John Brooks sinh ng&agrave;y 5/12/1920 , mất 27/07/1993. T&aacute;c giả l&agrave; c&acirc;y viết cộng t&aacute;c l&acirc;u d&agrave;i c&ugrave;ng tạp ch&iacute; The NewYorker, đặc biệt trong chủ đề t&agrave;i ch&iacute;nh. Brooks l&agrave; t&aacute;c giả của rất nhiều đầu s&aacute;ch ở cả thể loại giả tưởng v&agrave; phi giả tưởng, trong đ&oacute; nổi tiếng nhất l&agrave; cuộc kiểm tra những tr&ograve; lố t&agrave;i ch&iacute;nh của thị trường tăng gi&aacute; ở Phố Wall những năm 1960, Những cuộc phi&ecirc;u lưu trong kinh doanh năm 1969.</p>','john-brooks.png'),(11,'Eric Ries','<p>Eric Ries (sinh ng&agrave;y 22 th&aacute;ng 9 năm 1978) l&agrave; một doanh nh&acirc;n người Mỹ, blogger v&agrave; t&aacute;c giả của The Lean Startup, một cuốn s&aacute;ch về phong tr&agrave;o khởi nghiệp tinh gọn. &Ocirc;ng cũng l&agrave; t&aacute;c giả của The Startup Way, một cuốn s&aacute;ch về quản l&yacute; doanh nh&acirc;n hiện đại.</p>','Eric-Ries.png'),(12,'Vũ Trọng Phụng','<p>Vũ Trọng Phụng (1912-1939) l&agrave; một nh&agrave; văn, nh&agrave; b&aacute;o nổi tiếng của Việt Nam v&agrave;o đầu thế kỷ 20. Tuy thời gian cầm b&uacute;t rất ngắn ngủi, với t&aacute;c phẩm đầu tay l&agrave; truyện ngắn Chống nạng l&ecirc;n đường đăng tr&ecirc;n Ngọ b&aacute;o v&agrave;o năm 1930, &ocirc;ng đ&atilde; để lại một kho t&aacute;c phẩm đ&aacute;ng kinh ngạc: hơn 30 truyện ngắn, 9 tập tiểu thuyết, 9 tập ph&oacute;ng sự, 7 vở kịch, c&ugrave;ng một bản dịch vở kịch từ tiếng Ph&aacute;p, một số b&agrave;i viết ph&ecirc; b&igrave;nh, tranh luận văn học v&agrave; h&agrave;ng trăm b&agrave;i b&aacute;o viết về c&aacute;c vấn đề ch&iacute;nh trị, x&atilde; hội, văn h&oacute;a. Một số tr&iacute;ch đoạn t&aacute;c phẩm của &ocirc;ng trong c&aacute;c t&aacute;c phẩm Số đỏ v&agrave; Gi&ocirc;ng Tố đ&atilde; được đưa v&agrave;o s&aacute;ch gi&aacute;o khoa m&ocirc;n Ngữ văn của Việt Nam. Nổi tiếng với giọng văn tr&agrave;o ph&uacute;ng ch&acirc;m biếm x&atilde; hội của m&igrave;nh, một số người đ&atilde; so s&aacute;nh &ocirc;ng như Balzac của Việt Nam. Tuy nhi&ecirc;n, cũng v&igrave; phong c&aacute;ch \"tả ch&acirc;n\" v&agrave; yếu tố t&igrave;nh dục trong t&aacute;c phẩm m&agrave; khi sinh thời &ocirc;ng đ&atilde; bị ch&iacute;nh quyền bảo hộ Ph&aacute;p tại H&agrave; Nội gọi ra t&ograve;a v&igrave; \"tội tổn thương phong h&oacute;a\" (outrage aux bonnes moeurs). Về sau n&agrave;y, t&aacute;c phẩm của &ocirc;ng lại bị cấm xuất bản v&igrave; l&agrave; \"t&aacute;c phẩm suy đồi\" tại miền Bắc Việt Nam từ năm 1954 v&agrave; cả nước từ ng&agrave;y 30 th&aacute;ng 4 năm 1975 cho đến tận cuối những năm 1980 mới được ch&iacute;nh quyền cho lưu h&agrave;nh.</p>','vu-trong-phung.png'),(13,'Ngô Tất Tố','<p>Ng&ocirc; Tất Tố sinh năm 1893 (mất năm 1954) ở l&agrave;ng Lộc H&agrave;, tổng Hội Phụ, phủ Từ Sơn, Bắc Ninh (nay l&agrave; th&ocirc;n Lộc H&agrave;, x&atilde; Mai L&acirc;m, huyện Đ&ocirc;ng Anh, H&agrave; Nội). &Ocirc;ng l&agrave; con thứ hai, nhưng l&agrave; trưởng nam trong một gia đ&igrave;nh c&oacute; bảy anh chị em, ba trai, bốn g&aacute;i. L&uacute;c c&ograve;n nhỏ Ng&ocirc; Tất Tố được thụ hưởng một nền gi&aacute;o dục Nho học. Từ năm 1898, Ng&ocirc; Tất Tố được &ocirc;ng nội dạy vỡ l&ograve;ng chữ H&aacute;n ở qu&ecirc;, sau đ&oacute; &ocirc;ng theo học ở nhiều l&agrave;ng qu&ecirc; trong v&ugrave;ng. Năm 1912, Ng&ocirc; Tất Tố học tư chữ Ph&aacute;p một thời gian ngắn v&agrave; bắt đầu tham dự c&aacute;c kỳ thi truyền thống l&uacute;c bấy giờ vẫn c&ograve;n được triều đ&igrave;nh nh&agrave; Nguyễn tổ chức. &Ocirc;ng đỗ kỳ s&aacute;t hạch, nhưng thi hương bị hỏng ở kỳ đệ nhất. Đến năm 1915, &ocirc;ng đỗ đầu kỳ khảo hạch to&agrave;n tỉnh Bắc Ninh, n&ecirc;n được gọi l&agrave; đầu xứ Tố, rồi thi hương lần thứ hai, khoa Ất M&atilde;o, cũng l&agrave; khoa thi hương cuối c&ugrave;ng ở Bắc K&igrave;. &Ocirc;ng qua được kỳ đệ nhất, nhưng bị hỏng ở kỳ đệ nhị. Năm 1926, Ng&ocirc; Tất Tố ra H&agrave; Nội l&agrave;m b&aacute;o. &Ocirc;ng viết cho tờ An Nam tạp ch&iacute;. Nhưng v&igrave; thiếu tiền, tờ b&aacute;o n&agrave;y phải tự đ&igrave;nh bản, Ng&ocirc; Tất Tố c&ugrave;ng với Tản Đ&agrave; đ&atilde; v&agrave;o S&agrave;i G&ograve;n. Mặc d&ugrave; kh&ocirc;ng thật sự th&agrave;nh c&ocirc;ng trong cuộc thử sức ở Nam K&igrave;, nhưng tại đ&acirc;y, Ng&ocirc; Tất Tố đ&atilde; c&oacute; cơ hội tiếp cận với tri thức v&agrave; văn h&oacute;a thế giới ở v&ugrave;ng đất khi đ&oacute; l&agrave; thuộc địa ch&iacute;nh thức của Ph&aacute;p cũng như theo đuổi nghề b&aacute;o để chuẩn bị sau n&agrave;y trở th&agrave;nh một nh&agrave; b&aacute;o chuy&ecirc;n nghiệp. Trong thời kỳ n&agrave;y, &ocirc;ng viết với c&aacute;c b&uacute;t danh Bắc H&agrave;, Thiết Khẩu Nhi, Lộc H&agrave;, T&acirc;n Th&ocirc;n D&acirc;n...</p>','ngo-tat-to.png'),(14,'Nguyễn Công Hoan','<p>Nguyễn C&ocirc;ng Hoan qu&ecirc; ở l&agrave;ng Xu&acirc;n Cầu, tổng Xu&acirc;n Cầu, huyện Văn Giang, phủ Thuận Th&agrave;nh, tỉnh Bắc Ninh (nay thuộc x&atilde; Nghĩa Trụ, huyện Văn Giang, tỉnh Hưng Y&ecirc;n). &Ocirc;ng sinh trong một gia đ&igrave;nh quan lại xuất th&acirc;n Nho học thất thế. Trong gia đ&igrave;nh, từ nhỏ Nguyễn C&ocirc;ng Hoan đ&atilde; được nghe v&agrave; thuộc rất nhiều c&acirc;u thơ, c&acirc;u đối v&agrave; những giai thoại c&oacute; t&iacute;nh chất tr&agrave;o lộng, ch&acirc;m biếm, đả k&iacute;ch tầng lớp quan lại. Điều đ&oacute; ảnh hưởng mạnh mẽ đến phong c&aacute;ch văn chương của &ocirc;ng sau n&agrave;y. &Ocirc;ng c&oacute; ba người em trai đều tham gia hoạt động c&aacute;ch mạng v&agrave; giữ cương vị quan trọng l&agrave; Nguyễn C&ocirc;ng Miều (L&ecirc; Văn Lương) nguy&ecirc;n Ủy vi&ecirc;n Bộ Ch&iacute;nh trị, Nguyễn C&ocirc;ng Bồng nguy&ecirc;n Ph&oacute; Tổng Gi&aacute;m đốc Nha C&ocirc;ng an v&agrave; Nguyễn C&ocirc;ng Mỹ nguy&ecirc;n Tổng Gi&aacute;m đốc đầu ti&ecirc;n của Nha b&igrave;nh d&acirc;n học vụ. Năm 1926, &ocirc;ng tốt nghiệp cao đẳng sư phạm, l&agrave;m nghề dạy học ở nhiều nơi (như Hải Dương, L&agrave;o Cai, Nam Định,...) cho đến khi C&aacute;ch mạng th&aacute;ng T&aacute;m nổ ra. &Ocirc;ng viết văn từ sớm, t&aacute;c phẩm đầu tay Kiếp hồng nhan (viết năm 1920, được Tản Đ&agrave; thư điếm xuất bản năm 1923) l&agrave; một đ&oacute;ng g&oacute;p cho nền văn xu&ocirc;i Việt Nam bằng chữ Quốc ngữ.</p>','nguyen-cong-hoan.png'),(16,'Nguyễn Nhật Ánh','<p>Nguyễn Nhật &Aacute;nh (sinh ng&agrave;y 7 th&aacute;ng 5 năm 1955)[1] l&agrave; một nh&agrave; văn Việt Nam. &Ocirc;ng được biết đến qua nhiều t&aacute;c phẩm văn học về đề t&agrave;i tuổi trẻ, c&aacute;c t&aacute;c phẩm của &ocirc;ng rất được độc giả ưa chuộng v&agrave; nhiều t&aacute;c phẩm đ&atilde; được chuyển thể th&agrave;nh phim. &Ocirc;ng lần lượt viết về s&acirc;n khấu, phụ tr&aacute;ch mục tiểu phẩm, phụ tr&aacute;ch trang thiếu nhi v&agrave; hiện nay l&agrave; b&igrave;nh luận vi&ecirc;n thể thao tr&ecirc;n b&aacute;o S&agrave;i G&ograve;n Giải ph&oacute;ng Chủ nhật với b&uacute;t danh Chu Đ&igrave;nh Ngạn. Ngo&agrave;i ra, &ocirc;ng c&ograve;n c&oacute; những b&uacute;t danh kh&aacute;c như Anh Bồ C&acirc;u, L&ecirc; Duy Cật, Đ&ocirc;ng Phương S&oacute;c, S&oacute;c Phương Đ&ocirc;ng.</p>','nguyen-nhat-anh.png'),(17,'Niall Kishtainy','<p>Niall Kishtainy từng l&agrave; cố vấn ch&iacute;nh s&aacute;ch kinh tế cho ch&iacute;nh phủ Anh v&agrave; Ủy ban Kinh tế Li&ecirc;n Hiệp Quốc về ch&acirc;u Phi. &Ocirc;ng hiện cũng l&agrave; giảng vi&ecirc;n thỉnh giảng của Bộ m&ocirc;n Lịch sử Kinh tế thuộc Trường Kinh tế London. Cho đến nay, Niall Kishtainy đ&atilde; xuất bản ba cuốn s&aacute;ch về kinh tế học l&agrave; The Economics Book (2014), Economics in Minutes</p>','kishtainy.png'),(18,'Niall Ferguson','<p>Niall Campbell Ferguson (sinh ng&agrave;y 18 th&aacute;ng 4 năm 1964) l&agrave; một nh&agrave; sử học người Anh v&agrave; l&agrave; nh&agrave; b&igrave;nh luận ch&iacute;nh trị bảo thủ. &Ocirc;ng l&agrave; một nghi&ecirc;n cứu vi&ecirc;n cao cấp tại College Jesus, Oxford v&agrave; l&agrave; gi&aacute;o sư thỉnh giảng tại New College of the Humanities. &Ocirc;ng cũng l&agrave; một vi&ecirc;n chức cao cấp tại Học viện Hoover, Đại học Stanford. Trước Stanford, &ocirc;ng l&agrave; Gi&aacute;o sư Laurence Tisch về Lịch sử tại Đại học Harvard.</p>','niall-ferguson.png'),(19,'Trang Anh','<p>C&ocirc; gi&aacute;o Trang Anh l&agrave; một c&ocirc; gi&aacute;o t&acirc;m huyết với bộ m&ocirc;n ngoại ngữ</p>','author.png'),(24,'Yuval Noah Harari','<p>Yuval Noah Harari (sinh ng&agrave;y 24 th&aacute;ng 2 năm 1976) l&agrave; một nh&agrave; sử học người Israel v&agrave; l&agrave; gi&aacute;o sư Khoa Lịch sử tại Đại học Hebrew Jerusalem. &Ocirc;ng l&agrave; t&aacute;c giả của c&aacute;c cuốn s&aacute;ch b&aacute;n chạy thế giới Sapiens: Lược sử lo&agrave;i người (2014), Homo Deus: Lược sử tương lai (2016) v&agrave; 21 b&agrave;i học cho thế kỷ 21 (2018). B&agrave;i viết của &ocirc;ng xoay quanh &yacute; ch&iacute; tự do, &yacute; thức v&agrave; tr&iacute; th&ocirc;ng minh v&agrave; hạnh ph&uacute;c. C&aacute;c ấn phẩm ban đầu của Harari d&agrave;nh nhiều sự quan t&acirc;m đến những g&igrave; được &ocirc;ng m&ocirc; tả l&agrave; \"cuộc c&aacute;ch mạng nhận thức\" xảy ra c&aacute;ch đ&acirc;y khoảng 50.000 năm, khi Homo sapiens thay thế đối thủ Neanderthal, ph&aacute;t triển c&aacute;c kỹ năng ng&ocirc;n ngữ, tạo ra một x&atilde; hội c&oacute; cấu tr&uacute;c, v&agrave; trở th&agrave;nh động vật ăn thịt đầu bảng, được hỗ trợ bởi cuộc c&aacute;ch mạng n&ocirc;ng nghiệp v&agrave; được tăng tốc bởi phương ph&aacute;p khoa học v&agrave; cơ sở l&yacute; luận đ&atilde; cho ph&eacute;p con người tiếp cận gần như l&agrave;m chủ m&ocirc;i trường của họ. Những cuốn s&aacute;ch gần đ&acirc;y của &ocirc;ng thận trọng hơn, v&agrave; nghi&ecirc;n cứu c&aacute;c hậu quả của một thế giới c&ocirc;ng nghệ sinh học tương lai nơi sinh vật th&ocirc;ng minh bị vượt qua bởi những s&aacute;ng tạo của ch&iacute;nh họ; &ocirc;ng đ&atilde; n&oacute;i Homo sapiens như ch&uacute;ng ta biết ch&uacute;ng sẽ biến mất trong một thế kỷ hoặc l&acirc;u hơn\".</p>','yuval-noah-harari.png'),(25,'Nguyễn Hiến Lê','<p>Nguyễn Hiến L&ecirc; (ng&agrave;y 8 th&aacute;ng 1 năm 1912 &ndash; ng&agrave;y 22 th&aacute;ng 12 năm 1984) l&agrave; học giả, nh&agrave; văn, dịch giả, nh&agrave; ng&ocirc;n ngữ học, nh&agrave; gi&aacute;o dục v&agrave; hoạt động văn h&oacute;a độc lập Việt Nam, c&oacute; 120 t&aacute;c phẩm s&aacute;ng t&aacute;c, bi&ecirc;n soạn v&agrave; dịch thuật thuộc nhiều lĩnh vực kh&aacute;c nhau như gi&aacute;o dục, văn học, ngữ học, triết học, lịch sử, du k&yacute;, gương danh nh&acirc;n, ch&iacute;nh trị, kinh tế, v.v.</p>','nguyen-hien-le.png'),(26,'Trần Trọng Kim','<p>&Ocirc;ng l&agrave; một học giả nh&agrave; gi&aacute;o dục, nh&agrave; nghi&ecirc;n cứu sử học, văn học, t&ocirc;n gi&aacute;o Việt Nam, b&uacute;t hiệu Lệ Thần, từng l&agrave;m thủ tướng của ch&iacute;nh phủ Đế quốc Việt Nam v&agrave;o năm 1945 (ch&iacute;nh phủ n&agrave;y được Đế quốc Nhật Bản th&agrave;nh lập trong thời kỳ chiếm đ&oacute;ng Việt Nam). &Ocirc;ng l&agrave; t&aacute;c giả của nhiều cuốn s&aacute;ch về lịch sử, văn h&oacute;a như Việt Nam sử lược, Việt Nam văn phạm, Nho gi&aacute;o,...</p>','tran-trong-kim.png'),(27,'Lê Quý Đôn','<p>L&ecirc; Qu&yacute; Đ&ocirc;n, thuở nhỏ t&ecirc;n l&agrave; Danh Phương, tự Do&atilde;n Hậu, hiệu Quế Đường. Qu&ecirc; gốc : l&agrave;ng Di&ecirc;n H&agrave;, huyện Di&ecirc;n H&agrave;, trấn Sơn Nam, nay l&agrave; x&atilde; Độc Lập, huyện Hưng H&agrave;, tỉnh Th&aacute;i B&igrave;nh. &Ocirc;ng l&agrave; con trai Tiến sĩ khoa Gi&aacute;p Th&igrave;n (1724) L&ecirc; Ph&uacute; Thứ (sau đổi l&agrave;m Trọng Thứ), l&agrave;m quan đến Thượng thư bộ H&igrave;nh, tước H&agrave; quận c&ocirc;ng. Từ nhỏ L&ecirc; Qu&yacute; Đ&ocirc;n đ&atilde; nổi tiếng th&ocirc;ng minh, tr&iacute; nhớ tốt, người đương thời khen l&agrave; &ldquo;thần đồng&rdquo;. Năm 1743, L&ecirc; Qu&yacute; Đ&ocirc;n đỗ Giải nguy&ecirc;n kỳ thi hương. 1752 đỗ Bảng nh&atilde;n (khoa n&agrave;y kh&ocirc;ng lấy Trạng nguy&ecirc;n), cả hai kỳ th&igrave; hội v&agrave; thi đ&igrave;nh đều đỗ đầu. Sau khi thi đỗ, &ocirc;ng được bổ chức H&agrave;n l&acirc;m viện thị thư, 1757, được thăng H&agrave;n l&acirc;m viện thị độc, 1760, được cử l&agrave;m Ph&oacute; sứ sứ bộ triều L&ecirc; sang nh&agrave; Thanh b&aacute;o tang L&ecirc; &Yacute; T&ocirc;ng v&agrave; triều cống. Trong chuyến đi n&agrave;y, &ocirc;ng gặp gỡ c&aacute;c sứ thần Triều Ti&ecirc;n . v&agrave; nhiều học giả Trung Quốc, được họ khen ngợi t&agrave;i thơ văn v&agrave; học vấn. Khi về triều, được thăng H&agrave;n l&acirc;m viện thừa chỉ, rồi Học sĩ ở B&iacute; thư c&aacute;c, được tặng tước Dĩnh Th&agrave;nh b&aacute;. 1765, &ocirc;ng được cử đi Tham ch&iacute;nh Hải Dương, nhưng L&ecirc; Qu&yacute; Đ&ocirc;n d&acirc;ng sớ xin nghỉ quan về đ&oacute;ng cửa viết s&aacute;ch. Sử s&aacute;ch cũ đều coi sự kiện n&agrave;y thể hiện phản ứng của L&ecirc; Qu&yacute; Đ&ocirc;n về c&aacute;ch sử dụng t&agrave;i năng t&ugrave;y tiện của phủ ch&uacute;a. 1767, Trịnh S&acirc;m l&ecirc;n nối ng&ocirc;i ch&uacute;a, L&ecirc; Qu&yacute; Đ&ocirc;n lại được kh&ocirc;i phục chức cũ, sau đ&oacute; giao chức Tư nghiệp Quốc tử gi&aacute;m. 1769, &ocirc;ng l&agrave;m Tham t&aacute;n qu&acirc;n vụ trong đội qu&acirc;n của Đốc lĩnh Nguyễn Phan đi đ&aacute;nh L&ecirc; Duy Mật. 1770,&ocirc;ng được thăng Ph&oacute; đ&ocirc; ngự sử, Hữu thị lang bộ Hộ. 1771, &ocirc;ng thăng Tả thị lang Bộ C&ocirc;ng quyền Đ&ocirc; ngự sử. 1773, &ocirc;ng được l&agrave;m Bồi tụng. 1775, &ocirc;ng được giao c&ugrave;ng Nguyễn Ho&agrave;n, Vũ Miễn điều h&agrave;nh việc bi&ecirc;n soạn quốc sử do nh&oacute;m Ng&ocirc; Th&igrave; Sĩ, Phạm Nguyễn Du&hellip; viết. 1776, &ocirc;ng l&agrave;m Hiệp trấn Tham t&aacute;n qu&acirc;n cơ xứ Thuận H&oacute;a, s&aacute;u th&aacute;ng sau lại triệu về kinh giữ chức Thị lang bộ Hộ h&agrave;m Đ&ocirc; ngự SỬ. 1778, &ocirc;ng đổi sang Ban v&otilde; giữ chức Tả hiệu điểm quyền Phủ sự, tước Nghĩa Ph&aacute;i hầu. M&ugrave;a đ&ocirc;ng 1783, &ocirc;ng l&agrave;m Hiệp trấn Nghệ An đến năm 1784 th&igrave; mất. Sau khi mất, L&ecirc; Qu&yacute; Đ&ocirc;n được cho truy hồi chức Đ&ocirc; ngự sử, tặng h&agrave;m Thượng thư bộ C&ocirc;ng. Năm 1787, Chi&ecirc;u Thống l&ecirc;n ng&ocirc;i lại gia tặng tước Dĩnh quận c&ocirc;ng.</p>','le-quy-don.png'),(28,'Nguyễn Hữu Nam','<p>Một nh&agrave; văn chuy&ecirc;n viết về đề t&agrave;i lịch sử.</p>','author.png'),(29,'Trần Quang Đức','<p>Trần Quang Đức sinh ng&agrave;y 16 th&aacute;ng 05 năm 1985 tại th&agrave;nh phố Hải Ph&ograve;ng trong gia đ&igrave;nh c&oacute; truyền thống Nho phong. Thuở nhỏ, anh bắt đầu được &ocirc;ng nội hướng dẫn tự học v&agrave; đọc H&aacute;n tự, sau đ&oacute; tiếp thụ th&ecirc;m mặt chữ N&ocirc;m. Năm 2003, anh tốt nghiệp trường THPT Th&aacute;i Phi&ecirc;n (Hải Ph&ograve;ng), sau đ&oacute; thi đỗ trường Đại học Ngoại ngữ Quốc gia H&agrave; Nội. Năm 2004, anh đoạt giải nhất cuộc thi Nhịp cầu H&aacute;n ngữ n&ecirc;n nhận học bổng sang du học Đại học Bắc Kinh. Sau 4 năm ở Bắc Kinh, anh hồi hương v&agrave; c&ocirc;ng t&aacute;c tại Viện Văn học. Anh bắt đầu được c&ocirc;ng luận Việt Nam ch&uacute; &yacute; với ấn phẩm Ng&agrave;n năm &aacute;o mũ[2], một c&ocirc;ng tr&igrave;nh chuy&ecirc;n khảo lịch đại y quan An Nam từ quốc sơ tới trung đại mạt k&igrave;[3]. Những cứ liệu n&agrave;y đồng thời dẫn tới sự phản b&aacute;c th&agrave;nh kiến b&agrave;i x&iacute;ch Nho học, H&aacute;n tự v&agrave; cả lịch sử văn học trung đại m&agrave; dư luận từ đầu thập ni&ecirc;n 2000 duy tr&igrave; tới thời điểm 2013 - khi s&aacute;ch được c&ocirc;ng bố. T&aacute;c phẩm n&agrave;y cũng lập tức khơi dậy trong giới trẻ tr&agrave;o lưu t&igrave;m về cội nguồn phong h&oacute;a Việt Nam vốn đ&atilde; mai một từ thời k&igrave; l&atilde;nh chiến tang thương. Ng&agrave;n năm &aacute;o mũ trở th&agrave;nh hiện tượng s&aacute;ch H&agrave; Nội m&ugrave;a h&egrave; năm 2013 với lượng ti&ecirc;u thụ cả ng&agrave;n cuốn chỉ 2 tuần sau khi xuất bản. Th&agrave;nh c&ocirc;ng n&agrave;y khiến t&aacute;c gia Trần Quang Đức quyết định rời Viện Văn học c&ocirc;ng t&aacute;c tại C&ocirc;ng ty Cổ phần Văn h&oacute;a v&agrave; Truyền th&ocirc;ng Nh&atilde; Nam.</p>','tran-quang-duc.png'),(30,'Hoàng Cao Khải','<p>Nguy&ecirc;n danh của &ocirc;ng l&agrave; Ho&agrave;ng Văn Khải, tự Đ&ocirc;ng Minh, hiệu Th&aacute;i Xuy&ecirc;n, qu&ecirc; ở l&agrave;ng Đ&ocirc;ng Th&aacute;i (nay thuộc x&atilde; T&ugrave;ng Ảnh), huyện La Sơn (nay l&agrave; huyện Đức Thọ), tỉnh H&agrave; Tĩnh. Đỗ cử nh&acirc;n &acirc;n khoa 1868 l&uacute;c 19 tuổi (c&ugrave;ng kh&oacute;a thi với anh &ocirc;ng Phan Đ&igrave;nh Ph&ugrave;ng t&ecirc;n l&agrave; Phan Đ&igrave;nh Thuật, Phan Đ&igrave;nh Ph&ugrave;ng năm 1876 mới đậu ở Trường Thi, Nghệ An) năm Tự Đức thứ 21 (1868), c&ugrave;ng được bổ l&agrave;m huấn đạo huyện Thọ Xương, sau l&agrave;m gi&aacute;o thụ ở phủ Ho&agrave;i Đức (H&agrave; T&acirc;y). Trước khi Ph&aacute;p chiếm Bắc Kỳ, &ocirc;ng lần lượt giữ c&aacute;c chức vụ Tri huyện Thọ Xương rồi thăng quyền &Aacute;n s&aacute;t Lạng Sơn, quyền Tuần phủ Hưng Y&ecirc;n. Năm 1884, Ph&aacute;p chiếm Bắc Kỳ, trong khi c&aacute;c phong tr&agrave;o chống Ph&aacute;p nổi dậy th&igrave; &ocirc;ng lại hợp t&aacute;c với Ph&aacute;p để đ&agrave;n &aacute;p c&aacute;c phong tr&agrave;o nghĩa qu&acirc;n chống Ph&aacute;p. Th&aacute;ng 1 năm 1887, quyền Tuần phủ Hưng Y&ecirc;n, Ho&agrave;ng Cao Khải được vua Đồng Kh&aacute;nh cho thực thụ Tuần phủ, gia h&agrave;m Thự l&yacute; Tổng đốc, nhưng vẫn l&atilde;nh Tuần phủ ki&ecirc;m Tiễu phủ sứ ba tỉnh Hải Dương, Bắc Ninh, Hưng Y&ecirc;n, đặc biệt tham gia đ&agrave;n &aacute;p khốc liệt cuộc khởi nghĩa B&atilde;i Sậy. Năm 1888, &ocirc;ng được thăng l&agrave;m Tổng đốc Hải Dương, rồi l&agrave;m Kh&acirc;m sai Kinh lược Bắc Kỳ, tước Duy&ecirc;n Mậu quận c&ocirc;ng (1890), đ&acirc;y l&agrave; biệt lệ v&igrave; quan lại triều Nguyễn chỉ được phong quận c&ocirc;ng khi đ&atilde; mất, ban cho thực ấp Th&aacute;i H&agrave;. Năm 1894, theo lệnh của to&agrave;n quyền De Lanessan, &ocirc;ng viết thư dụ h&agrave;ng Phan Đ&igrave;nh Ph&ugrave;ng, nhưng bị cự tuyệt.</p>','hoang-cao-khai.png'),(31,'Dũng Phan','<p>Dũng Phan (1/4/1988) l&agrave; một kỹ sư x&acirc;y dựng, tốt nghiệp trường ĐH B&aacute;ch Khoa Đ&agrave; Nẵng, c&ocirc;ng t&aacute;c tại th&agrave;nh phố Hồ Ch&iacute; Minh, v&agrave; l&agrave; quản trị blog lịch sử The X File Of History với hơn 120,000 người theo d&otilde;i. Ngo&agrave;i ra, anh c&ograve;n l&agrave; nh&agrave; b&aacute;o, cộng t&aacute;c vi&ecirc;n của c&aacute;c b&aacute;o. Anh cho biết niềm y&ecirc;u th&iacute;ch lịch sử của m&igrave;nh c&oacute; được l&agrave; từ người mẹ của m&igrave;nh</p>','dung-phan.png'),(32,'Philippe Papin','<p>Năm 1987, &ocirc;ng v&agrave;o học ở trường Sư phạm Saint-Cloud v&agrave; sau đ&oacute; tốt nghiệp đại học tại Sorbonne.Philippe Papin ho&agrave;n th&agrave;nh luận &aacute;n tiến sĩ với đề t&agrave;i Lịch sử H&agrave; Nội cuối thế kỷ 19, đầu thế kỷ 20. Philippe Papin tới Việt Nam lần đầu v&agrave;o năm 1988, khi đ&oacute; vẫn c&ograve;n l&agrave; một đất nước chưa thực sự mở cửa đối với du kh&aacute;ch phương T&acirc;y.Trong khoảng thời gian 1992 đến 1995, &ocirc;ng l&agrave;m việc tại Đại học Quốc gia H&agrave; Nội với tư c&aacute;ch trợ l&yacute;. Khi hết hợp đồng, Philippe Papin được nhận v&agrave;o Viện Viễn Đ&ocirc;ng B&aacute;c cổ, nghi&ecirc;n cứu tại trung t&acirc;m của viện ở H&agrave; Nội. Sống tại H&agrave; Nội nhiều năm v&agrave; lấy một người vợ Việt Nam, Philippe Papin đ&atilde; viết nhiều cuốn s&aacute;ch v&agrave; b&agrave;i b&aacute;o về H&agrave; Nội. Histoire de Hanoi, nh&agrave; xuất bản Fayard ph&aacute;t h&agrave;nh năm 2001, được Papin tham khảo những t&agrave;i liệu ch&iacute;nh sử như Đại Việt sử k&yacute; to&agrave;n thư, hồi k&yacute; của người nước ngo&agrave;i v&agrave;o thế kỷ 17, c&aacute;c điều tra thực địa tại những đ&igrave;nh, ch&ugrave;a... v&agrave; t&igrave;m hiểu gia phả của c&aacute;c gia đ&igrave;nh. Năm 2010, Histoire de Hanoi được Mạc Thu Hương, vợ của Philippe Papin,dịch ra tiếng Việt với t&ecirc;n Lịch sử H&agrave; Nội, v&agrave; được nh&agrave; xuất bản Mỹ thuật c&ugrave;ng C&ocirc;ng ty Cổ phần Văn h&oacute;a v&agrave; Truyền th&ocirc;ng Nh&atilde; Nam ph&aacute;t h&agrave;nh.</p>','Philippe-Papin.png'),(33,'Phan Khôi','<p>&Ocirc;ng l&agrave; một nh&agrave; b&aacute;o t&agrave;i năng, một người t&iacute;ch cực &aacute;p dụng tư tưởng duy l&yacute; phương T&acirc;y, ph&ecirc; ph&aacute;n một c&aacute;ch h&agrave;i hước th&oacute;i hư tật xấu của quan lại phong kiến v&agrave; thực d&acirc;n Ph&aacute;p. &Ocirc;ng cũng l&agrave; một trong số &iacute;t nh&agrave; b&aacute;o tiếp thu nhiều tư tưởng mới, đa văn h&oacute;a từ Hồng K&ocirc;ng, Trung Quốc, Nhật Bản, Ph&aacute;p... &Ocirc;ng c&ograve;n nổi tiếng v&igrave; sự trực ng&ocirc;n, trước 1945 được mang danh l&agrave; Ngự sử văn đ&agrave;n. &Ocirc;ng ph&ecirc; ph&aacute;n ch&iacute;nh s&aacute;ch cai trị của người Ph&aacute;p một c&aacute;ch s&aacute;t sườn, đối thoại với c&aacute;c học giả từ Bắc đến Nam kh&ocirc;ng e d&egrave; ki&ecirc;ng nể. Những năm 1956 - 1958 cũng v&igrave; cung c&aacute;ch n&oacute;i thẳng ấy &ocirc;ng đ&atilde; buộc phải dừng s&aacute;ng t&aacute;c. &Ocirc;ng qua đời v&agrave;o năm 1959.</p>','phan-khoi.png'),(37,'Ducan Bannatyne','<p>Duncan Bannatyne l&agrave; một doanh nh&acirc;n, nh&agrave; từ thiện v&agrave; t&aacute;c giả người Scotland. Từ một người bỏ học, cuộc sống gặp kh&oacute; khăn cho tới khi 30 tuổi &ocirc;ng mới bắt đầu g&acirc;y dựng sự nghiệp của m&igrave;nh v&agrave; trở th&agrave;nh triệu ph&uacute;. Ch&uacute;ng ta c&ugrave;ng t&igrave;m hiểu t&aacute;c giả s&aacute;ch Tiền Đẻ Ra Tiền qua c&acirc;u chuyện truyền cảm hứng về cuộc đời &ocirc;ng qua b&agrave;i viết n&agrave;y.</p>','ducan-bannatyne.png'),(38,'George Samuel Clason','<p>George Samuel Clason (sinh ng&agrave;y 17 th&aacute;ng 11 năm 1874-mất ng&agrave;y 7 th&aacute;ng 4 năm 1957) hay c&ograve;n biết đến với t&ecirc;n gọi George S. Clason l&agrave; một doanh nh&acirc;n, nh&agrave; văn người Mỹ, t&ecirc;n tuổi của &ocirc;ng thường được gắn liền với cuốn s&aacute;ch của &ocirc;ng \"Người gi&agrave;u c&oacute; nhất th&agrave;nh Babylon\" (The Richest Man in Babylon) được xuất bản lần đầu v&agrave;o năm 1926.</p>','George-S-Clason.png'),(39,'The Windy','<p>Nh&oacute;m t&aacute;c giả The Windy được th&agrave;nh lập với tiền th&acirc;n ban đầu l&agrave; một nh&oacute;m bi&ecirc;n tập vi&ecirc;n của c&ocirc;ng ty s&aacute;ch MCBooks đ&atilde; tiến h&agrave;nh nghi&ecirc;n cứu, tham khảo nhu cầu thị trường v&agrave; s&aacute;ng tạo ra những đầu s&aacute;ch với c&aacute;c phương ph&aacute;p học tiếng Anh mới lạ. Ngay lập tức The Windy nhận được c&aacute;c thư cảm ơn về s&aacute;ch cũng như c&aacute;c b&igrave;nh luận cảm ơn rất t&iacute;ch cực tr&ecirc;n c&aacute;c trang diễn đ&agrave;n, hoặc c&aacute;c trang s&aacute;ch lớn, v&agrave; độc giả lu&ocirc;n lu&ocirc;n đ&oacute;n chờ c&aacute;c t&aacute;c phẩm mới ra của nh&oacute;m t&aacute;c giả The Windy</p>','author.png'),(40,'Lý Minh Tuấn','<p>T&aacute;c giả của những cuốn s&aacute;ch li&ecirc;n quan đến triết học, t&ocirc;n gi&aacute;o v&agrave; t&acirc;m linh.</p>','author.png'),(41,'Nguyễn Mạnh Tuấn','<p>Chọn viết về chủ đề t&acirc;m linh g&acirc;y tranh c&atilde;i l&agrave; một sự mạo hiểm của nh&agrave; văn Nguyễn Mạnh Tuấn. Tuy nhi&ecirc;n với vốn sống phong ph&uacute;, khả năng của một c&acirc;y viết kỳ cựu, Nguyễn Mạnh Tuấn đ&atilde; biến cuộc kiếm t&igrave;m h&agrave;i cốt kỳ b&iacute; th&agrave;nh c&acirc;u chuyện của lịch sử v&agrave; k&yacute; ức, mang gi&aacute; trị gia đ&igrave;nh v&agrave; t&igrave;nh th&acirc;n.</p>','nguyen-manh-tuan.png'),(42,'Thích Nhất Hạnh','<p>Th&iacute;ch Nhất Hạnh (thế danh l&agrave; Nguyễn Đ&igrave;nh Lang, sau đổi th&agrave;nh Nguyễn Xu&acirc;n Bảo, 11 th&aacute;ng 10 năm 1926 &ndash; 22 th&aacute;ng 1 năm 2022) l&agrave; một thiền sư, giảng vi&ecirc;n, nh&agrave; văn, nh&agrave; thơ, nh&agrave; khảo cứu, nh&agrave; hoạt động x&atilde; hội v&agrave; nh&agrave; hoạt động h&ograve;a b&igrave;nh người Việt Nam. &Ocirc;ng đồng thời cũng l&agrave; người s&aacute;ng lập t&ocirc;ng ph&aacute;i Truyền thống L&agrave;ng Mai, được lịch sử c&ocirc;ng nhận l&agrave; nguồn cảm hứng ch&iacute;nh v&agrave; l&agrave; người đưa ra kh&aacute;i niệm Phật gi&aacute;o dấn th&acirc;n. Được coi l&agrave; \"cha đẻ của phương ph&aacute;p ch&aacute;nh niệm\", Th&iacute;ch Nhất Hạnh l&agrave; người c&oacute; ảnh hưởng quan trọng đến sự ph&aacute;t triển của Phật gi&aacute;o phương T&acirc;y.</p>','thich-nhat-hanh.png'),(43,'Nguyễn Mạnh Trí','<p>&Ocirc;ng NGUYỄN MẠNH TR&Iacute; sinh ng&agrave;y 14 th&aacute;ng 5 năm 1978. Qu&ecirc; qu&aacute;n: phường H&agrave;ng Bột, quận Đống Đa, Th&agrave;nh phố H&agrave; Nội. Hiện cư tr&uacute; tại: 518 L&ocirc; D, Chung cư Nhi&ecirc;u Lộc C, tổ d&acirc;n phố 122, khu phố 6, đường T&acirc;n Hương, phường T&acirc;n Qu&yacute;, quận T&acirc;n Ph&uacute;, Th&agrave;nh phố Hồ Ch&iacute; Minh. &Ocirc;ng từng l&agrave; B&aacute;c sĩ, Giảng vi&ecirc;n, Chủ nhiệm Bộ m&ocirc;n Y học Cổ Truyền, B&iacute; thư Chi Bộ 2 Khoa Y Trường Đại học Y khoa Phạm Ngọc Thạch</p>','nguyen-manh-tri.png'),(46,'Hoàng Duy Tân','<p>Trong giới &ETH;&ocirc;ng y ở VN hiện nay, lương y-b&aacute;c sĩ Ho&agrave;ng Duy T&acirc;n hiện ở th&agrave;nh phố Bi&ecirc;n H&ograve;a, tỉnh &ETH;ồng Nai, nổi tiếng l&agrave; nh&agrave; nghi&ecirc;n cứu, viết s&aacute;ch, bi&ecirc;n dịch c&aacute;c t&aacute;c phẩm y học cổ truyền. &ETH;ặc biệt, &ocirc;ng l&agrave; một trong số &iacute;t những lương y c&oacute; s&aacute;ng kiến đưa c&ocirc;ng nghệ tin học v&agrave;o &ldquo;hiện đại h&oacute;a&rdquo; nền y học cổ truyền, v&agrave; l&agrave; người đầu ti&ecirc;n ở Việt Nam lập website ri&ecirc;ng về &ETH;&ocirc;ng y.</p>','hoang-duy-tan.png'),(47,'Nguyễn Tử Siêu','<p>Nh&agrave; văn Nguyễn Tử Si&ecirc;u, t&ecirc;n thật l&agrave; Nguyễn Trong Tho&aacute;t. Qu&ecirc; gốc: x&atilde; Hương Ngải, huyện Thạch Thất, tỉnh H&agrave; T&acirc;y. &Ocirc;ng đ&atilde; học học chữ nho v&agrave; đ&atilde; đỗ qua tam trường. &Ocirc;ng kh&ocirc;ng cộng t&aacute;c với chế độ thực d&acirc;n m&agrave; lui về bốc thuốc, mở trường dạy học v&agrave; viết văn. &Ocirc;ng đ&atilde; đứng l&agrave;m chủ b&uacute;t tạp ch&iacute; T&acirc;n Thanh, sau bị thực d&acirc;n Ph&aacute;p đ&oacute;ng cửa v&agrave; &ocirc;ng bị đưa về quản th&uacute;c ở qu&ecirc; nh&agrave;. Sau 1945, &ocirc;ng tham gia c&aacute;ch mạng v&agrave; kh&aacute;ng chiến, từng l&agrave; Ph&oacute; chủ tịch Ủy ban kh&aacute;ng chiến h&agrave;nh ch&iacute;nh (UBKCHC) tỉnh Sơn T&acirc;y. &Ocirc;ng l&agrave; một &ndash; nh&agrave; hoạt động x&atilde; hội c&oacute; t&iacute;n nhiệm trong Mặt trận Li&ecirc;n Việt tỉnh, Ủy vi&ecirc;n trong Hội đồng y học cổ truyền. &Ocirc;ng mất năm 1965 tại qu&ecirc; nh&agrave;. Năm 1995, tỉnh H&agrave; T&acirc;y đ&atilde; tổ chức hội thảo về sự &ndash; nghiệp của &ocirc;ng.</p>','nguyen-tu-sieu.png'),(50,'Trần Đăng Khoa','<p>Trần Đăng Khoa l&agrave; một nh&agrave; thơ nổi tiếng được mệnh danh l&agrave; \"Thần đồng thơ trẻ\". &Ocirc;ng cũng l&agrave; một nh&agrave; văn v&agrave; một nh&agrave; b&aacute;o. &Ocirc;ng giữ chức vụ bi&ecirc;n tập vi&ecirc;n Tạp ch&iacute; Văn nghệ Qu&acirc;n đội, nguy&ecirc;n l&agrave; Trưởng ban Văn học Nghệ thuật, Gi&aacute;m đốc Hệ Ph&aacute;t thanh c&oacute; h&igrave;nh của k&ecirc;nh VOVTV của Đ&agrave;i tiếng n&oacute;i Việt Nam. Hiện nay, &ocirc;ng giữ chức Ph&oacute; B&iacute; thư Đảng ủy Đ&agrave;i Tiếng n&oacute;i Việt Nam.</p>','tran-dang-khoa.png'),(51,'Trần Thế San','<p>Kh&ocirc;ng c&oacute;&nbsp;th&ocirc;ng tin về t&aacute;c giả n&agrave;y.</p>','author.png'),(52,'Lê Hoàng Sơn','<p>Kh&ocirc;ng c&oacute; th&ocirc;ng tin về t&aacute;c giả n&agrave;y.</p>','author.png'),(53,'Bùi Việt Hà','<p>Kh&ocirc;ng c&oacute; th&ocirc;ng tin về t&aacute;c giả n&agrave;y.</p>','author.png');
/*!40000 ALTER TABLE `author` ENABLE KEYS */;
UNLOCK TABLES;

--
-- Table structure for table `bill`
--

DROP TABLE IF EXISTS `bill`;
/*!40101 SET @saved_cs_client     = @@character_set_client */;
/*!50503 SET character_set_client = utf8mb4 */;
CREATE TABLE `bill` (
  `id` int NOT NULL AUTO_INCREMENT,
  `address` varchar(200) DEFAULT NULL,
  `created_at` datetime(6) DEFAULT NULL,
  `note` text,
  `phone` varchar(200) DEFAULT NULL,
  `receiver` varchar(200) DEFAULT NULL,
  `status` varchar(200) DEFAULT NULL,
  `total` int DEFAULT '0',
  `user_id` int DEFAULT NULL,
  `email` text,
  `confirm_at` datetime(6) DEFAULT NULL,
  `updated_at` datetime(6) DEFAULT NULL,
  `payment` varchar(200) DEFAULT NULL,
  PRIMARY KEY (`id`),
  KEY `fk_bill_user` (`user_id`),
  CONSTRAINT `fk_bill_user` FOREIGN KEY (`user_id`) REFERENCES `user` (`id`)
) ENGINE=InnoDB AUTO_INCREMENT=88 DEFAULT CHARSET=utf8mb4 COLLATE=utf8mb4_0900_ai_ci;
/*!40101 SET character_set_client = @saved_cs_client */;

--
-- Dumping data for table `bill`
--

LOCK TABLES `bill` WRITE;
/*!40000 ALTER TABLE `bill` DISABLE KEYS */;
INSERT INTO `bill` VALUES (73,'77 ngõ 58,Đào Tấn ,Tp Hà Nội ','2022-05-15 09:26:48.815000','','0947298695','Nguyễn Đức Vinh','DELIVERED',45000,72,'nguyenducvinhthd@gmail.com','2022-05-15 16:36:20.532000','2022-05-15 22:14:33.861000','PAYPAL'),(74,'77 ngõ 58,Đào Tấn ,Tp Hà Nội ','2022-05-15 13:29:19.815000','','0947298695','Nguyễn Đức Vinh','DELIVERED',120000,72,'nguyenducvinhthd@gmail.com','2022-05-15 16:36:14.143000','2022-05-15 22:14:28.289000','PAYPAL'),(75,'77 ngõ 58,Đào Tấn ,Tp Hà Nội ','2022-05-15 13:32:06.414000','','0947298695','Nguyễn Đức Vinh','DELIVERED',234000,72,'nguyenducvinhthd@gmail.com','2022-05-15 16:35:14.487000','2022-05-15 22:14:21.800000','PAYPAL'),(80,'77 ngõ 58,Đào Tấn ,Tp Hà Nội ','2022-05-16 00:19:06.121000','','0947298695','Nguyễn Đức Vinh','CANCELLED',220500,72,'nguyenducvinhthd@gmail.com','2022-05-16 07:29:19.164000','2022-05-16 07:48:40.427000','PAYPAL'),(81,'77 ngõ 58,Đào Tấn ,Tp Hà Nội ','2022-05-16 00:32:22.986000','','0947298695','Nguyễn Đức Vinh','CANCELLED',73500,72,'nguyenducvinhthd@gmail.com','2022-05-16 07:29:12.518000','2022-05-16 07:46:02.557000','PAYPAL'),(82,'77 ngõ 58,Đào Tấn ,Tp Hà Nội ','2022-05-16 09:49:25.006000','','0947298695','Nguyễn Đức Vinh','CANCELLED',75000,72,'nguyenducvinhthd@gmail.com',NULL,'2022-05-17 23:36:22.532000','PAYPAL'),(83,'77 ngõ 58,Đào Tấn ,Tp Hà Nội ','2022-05-16 14:13:36.512000','','0947298695','Nguyễn Đức Vinh','CANCELLED',73500,72,'nguyenducvinhthd@gmail.com',NULL,'2022-05-16 23:42:15.086000','CASH'),(84,'77 ngõ 58,Đào Tấn ,Tp Hà Nội ','2022-05-17 10:17:11.249000','','0947298695','Nguyễn Đức Vinh','CANCELLED',60200,72,'nguyenducvinhthd@gmail.com',NULL,'2022-05-17 23:36:09.382000','PAYPAL'),(85,'77 ngõ 58,Đào Tấn ,Tp Hà Nội ','2022-05-18 22:18:44.513000','','0947298695','Nguyễn Đức Vinh','CANCELLED',37000,72,'nguyenducvinhthd@gmail.com',NULL,'2022-05-18 22:54:41.639000','PAYPAL'),(86,'77 ngõ 58,Đào Tấn ,Tp Hà Nội ','2022-05-18 22:51:19.969000','','0947298695','Nguyễn Đức Vinh','CANCELLED',120000,72,'nguyenducvinhthd@gmail.com',NULL,'2022-05-18 22:54:31.068000','PAYPAL'),(87,'77 ngõ 58,Đào Tấn ,Tp Hà Nội ','2022-05-18 22:55:30.420000','','0947298695','Nguyễn Đức Vinh','CANCELLED',33000,72,'nguyenducvinhthd@gmail.com',NULL,'2022-05-21 23:28:11.652000','PAYPAL');
/*!40000 ALTER TABLE `bill` ENABLE KEYS */;
UNLOCK TABLES;

--
-- Table structure for table `bill_detail`
--

DROP TABLE IF EXISTS `bill_detail`;
/*!40101 SET @saved_cs_client     = @@character_set_client */;
/*!50503 SET character_set_client = utf8mb4 */;
CREATE TABLE `bill_detail` (
  `id` int NOT NULL AUTO_INCREMENT,
  `bill_id` int DEFAULT NULL,
  `book_id` int DEFAULT NULL,
  `quantity` int DEFAULT NULL,
  `unit_price` int DEFAULT NULL,
  PRIMARY KEY (`id`),
  KEY `fk_bill_detail_book` (`book_id`),
  KEY `fk_bill_detail_bill` (`bill_id`),
  CONSTRAINT `fk_bill_detail_bill` FOREIGN KEY (`bill_id`) REFERENCES `bill` (`id`),
  CONSTRAINT `fk_bill_detail_book` FOREIGN KEY (`book_id`) REFERENCES `book` (`id`)
) ENGINE=InnoDB AUTO_INCREMENT=115 DEFAULT CHARSET=utf8mb4 COLLATE=utf8mb4_0900_ai_ci;
/*!40101 SET character_set_client = @saved_cs_client */;

--
-- Dumping data for table `bill_detail`
--

LOCK TABLES `bill_detail` WRITE;
/*!40000 ALTER TABLE `bill_detail` DISABLE KEYS */;
INSERT INTO `bill_detail` VALUES (100,73,98,1,45000),(101,74,10,1,120000),(102,75,6,2,117000),(107,80,103,3,73500),(108,81,103,1,73500),(109,82,102,1,75000),(110,83,103,1,73500),(111,84,101,1,60200),(112,85,100,1,37000),(113,86,10,1,120000),(114,87,14,1,33000);
/*!40000 ALTER TABLE `bill_detail` ENABLE KEYS */;
UNLOCK TABLES;

--
-- Table structure for table `book`
--

DROP TABLE IF EXISTS `book`;
/*!40101 SET @saved_cs_client     = @@character_set_client */;
/*!50503 SET character_set_client = utf8mb4 */;
CREATE TABLE `book` (
  `id` int NOT NULL AUTO_INCREMENT,
  `description` text,
  `name` varchar(200) DEFAULT NULL,
  `photo` varchar(200) DEFAULT NULL,
  `price` int DEFAULT NULL,
  `quantity` int DEFAULT NULL,
  `sold` int DEFAULT '0',
  `author_id` int DEFAULT NULL,
  `category_id` int DEFAULT NULL,
  `publisher` text,
  `number_of_like` int DEFAULT NULL,
  `price_import` int DEFAULT NULL,
  `date_publish` datetime(6) DEFAULT NULL,
  PRIMARY KEY (`id`),
  KEY `FKklnrv3weler2ftkweewlky958` (`author_id`),
  KEY `FKam9riv8y6rjwkua1gapdfew4j` (`category_id`),
  CONSTRAINT `FKam9riv8y6rjwkua1gapdfew4j` FOREIGN KEY (`category_id`) REFERENCES `category` (`id`),
  CONSTRAINT `FKklnrv3weler2ftkweewlky958` FOREIGN KEY (`author_id`) REFERENCES `author` (`id`)
) ENGINE=InnoDB AUTO_INCREMENT=107 DEFAULT CHARSET=utf8mb4 COLLATE=utf8mb4_0900_ai_ci;
/*!40101 SET character_set_client = @saved_cs_client */;

--
-- Dumping data for table `book`
--

LOCK TABLES `book` WRITE;
/*!40000 ALTER TABLE `book` DISABLE KEYS */;
INSERT INTO `book` VALUES (4,'Ấn bản minh họa màu đặc biệt của Dế Mèn phiêu lưu ký, với phần tranh ruột được in hai màu xanh - đen ấn tượng, gợi không khí đồng thoại.\r\n\r\n“Một con dế đã từ tay ông thả ra chu du thế giới tìm những điều tốt đẹp cho loài người. Và con dế ấy đã mang tên tuổi ông đi cùng trên những chặng đường phiêu lưu đến với cộng đồng những con vật trong văn học thế giới, đến với những xứ sở thiên nhiên và văn hóa của các quốc gia khác. Dế Mèn Tô Hoài đã lại sinh ra Tô Hoài Dế Mèn, một nhà văn trẻ mãi không già trong văn chươ” - Nhà phê bình Phạm Xuân Nguyên\r\n\r\n“Ông rất hiểu tư duy trẻ thơ, kể với chúng theo cách nghĩ của chúng, lí giải sự vật theo lô gích của trẻ. Hơn thế, với biệt tài miêu tả loài vật, Tô Hoài dựng lên một thế giới gần gũi với trẻ thơ. Khi cần, ông biết đem vào chất du ký khiến cho độc giả nhỏ tuổi vừa hồi hộp theo dõi, vừa thích thú khám phá.” - TS Nguyễn Đăng Điệp\r\n\r\nGiá sản phẩm trên Tiki đã bao gồm thuế theo luật hiện hành. Bên cạnh đó, tuỳ vào loại sản phẩm, hình thức và địa chỉ giao hàng mà có thể phát sinh thêm chi phí khác như phí vận chuyển, phụ phí hàng cồng kềnh, thuế nhập khẩu (đối với đơn hàng giao từ nước ngoài có giá trị trên 1 triệu đồng).....','Dế mèn phiêu lưu ký','demen.jpg',50000,50,0,4,2,'Kim Đồng',100,40000,'2021-07-21 00:00:00.000000'),(6,'Ngữ pháp Tiếng Anh tổng hợp các chủ điểm ngữ pháp trọng yếu mà học sinh cần nắm vững. Các chủ điểm ngữ pháp được trình bày rõ ràng, chi tiết. Sau mỗi chủ điểm ngữ pháp là phần bài tập & đáp án nhằm giúp các em củng cố kiến thức đã học, đồng thời tự kiểm tra kết quả.\r\nSách Giải Thích Ngữ Pháp Tiếng Anh, tác Mai Lan Hương – Hà Thanh Uyên, là cuốn sách ngữ pháp đã được phát hành và tái bản rất nhiều lần trong những năm qua.\r\n\r\nGiải Thích Ngữ Pháp Tiếng Anh được biên soạn thành 9 chương, đề cập đến những vấn đề ngữ pháp từ cơ bản đến nâng cao, phù hợp với mọi trình độ. Các chủ điểm ngữ pháp trong từng chương được biên soạn chi tiết, giải thích cặn kẽ các cách dùng và quy luật mà người học cần nắm vững. Sau mỗi chủ điểm ngữ pháp là phần bài tập đa dạng nhằm giúp người học củng cố lý thuyết.\r\n\r\nHy vọng Giải Thích Ngữ Pháp Tiếng Anh sẽ là một quyển sách thiết thực, đáp ứng yêu cầu học, ôn tập và nâng cao trình độ ngữ pháp cho người học và là quyển sách tham khảo bổ ích dành cho giáo viên.\r\n\r\nGiá sản phẩm trên Tiki đã bao gồm thuế theo luật hiện hành. Bên cạnh đó, tuỳ vào loại sản phẩm, hình thức và địa chỉ giao hàng mà có thể phát sinh thêm chi phí khác như phí vận chuyển, phụ phí hàng cồng kềnh, thuế nhập khẩu (đối với đơn hàng giao từ nước ngoài có giá trị trên 1 triệu đồng).....','Ngữ Pháp Tiếng Anh','ngu-phap-tieng-anh.png',117000,50,2,19,3,'Tuổi Trẻ',25,0,'2021-07-21 00:00:00.000000'),(8,'Trong xu thế toàn cầu hóa, việc tiếp cận và tham khảo những tri thức đương đại từ những nước đã phát triển về sự chuyển động của thế giới (đang ở bước ngoặt từ “tròn” sang “phẳng”, như cách nói của tác giả) có lẽ sẽ giúp chúng ta có thêm những thông tin bổ ích để có sự chủ động trong quá trình hội nhập. \r\n\r\nTác phẩm được xếp vào danh mục sách bán chạy nhất ở Mỹ (kể từ lần xuất bản đầu tiên tháng 4/ 2005 cho đến nay). Đây là bản dịch từ bản sách gốc mới nhất được sửa chữa, cập nhật và bổ sung hai chương mới nhất bởi chính tác giả.\r\n\r\nGiá sản phẩm trên Tiki đã bao gồm thuế theo luật hiện hành. Bên cạnh đó, tuỳ vào loại sản phẩm, hình thức và địa chỉ giao hàng mà có thể phát sinh thêm chi phí khác như phí vận chuyển, phụ phí hàng cồng kềnh, thuế nhập khẩu (đối với đơn hàng giao từ nước ngoài có giá trị trên 1 triệu đồng).....','Thế giới phẳng','the-gioi-phang.png',216900,50,0,7,1,'Kim Đồng',30,0,'2021-07-21 00:00:00.000000'),(9,'“Không lâu sau lần đầu gặp Warren Buffet vào năm 1991, tôi có hỏi về cuốn sách quản trị kinh doanh yêu thích nhất của ông. Không mất đến nửa giây suy nghĩ, ông trả lời: ‘Đó là Những cuộc phiêu lưu trong kinh doanh của John Brooks, tôi sẽ gửi cho cậu cuốn của mình.’\r\n\r\nĐến nay đã hơn hai mươi năm kể từ ngày Warren cho tôi mượn cuốn sách đó ‒ và hơn bốn mươi năm kể từ khi nó được xuất bản lần đầu tiên ‒ Những cuộc phiêu lưu trong kinh doanh vẫn là cuốn sách quản trị kinh doanh hay nhất mà tôi từng đọc.”  Bill Gates\r\n\r\nNhững cuộc phiêu lưu trong kinh doanh với 12 câu chuyện thú vị và không kém phần kịch tính về những sự kiện nổi tiếng tại Phố Wall này sẽ vén màn những âm mưu cũng như bộc lộ bản chất thất thường của thế giới tài chính. Xuyên suốt cuốn sách là những báo cáo chi tiết và sắc sảo của John Brooks, dù đó là sự kiện thị trường chứng khoán sụp đổ năm 1962, thất bại của một công ty môi giới danh tiếng, hay nỗ lực táo bạo của các ngân hàng Mỹ nhằm cứu vãn đồng bảng Anh. Sau tất cả, những câu chuyện này vẫn còn nguyên giá trị và tính thời sự để giúp chúng ta nắm bắt được tính phức tạp của đời sống kinh doanh.\r\n\r\nNhững cuộc phiêu lưu trong kinh doanh thực sự là những phân tích tài chính sống động và xuất sắc nhất từ trước đến nay.\r\n\r\nGiá sản phẩm trên Tiki đã bao gồm thuế theo luật hiện hành. Bên cạnh đó, tuỳ vào loại sản phẩm, hình thức và địa chỉ giao hàng mà có thể phát sinh thêm chi phí khác như phí vận chuyển, phụ phí hàng cồng kềnh, thuế nhập khẩu (đối với đơn hàng giao từ nước ngoài có giá trị trên 1 triệu đồng).....','Những Cuộc Phiêu Lưu Trong Kinh Doanh','phieu-luu-kinh-doanh.png',88000,50,0,8,1,'Hồ Chí Minh',140,0,'2021-07-21 00:00:00.000000'),(10,'<p>&Ocirc;ng Thaler cũng đặt ra thuật ngữ \"c&uacute; h&iacute;ch\" (nudge), &yacute; chỉ c&aacute;c t&aacute;c động cần thiết để gi&uacute;p con người vượt qua định kiến, loại bỏ th&oacute;i quen l&agrave;m theo người kh&aacute;c để tr&aacute;nh phạm lầm ngớ ngẩn khi phải đưa ra quyết định.</p>\r\n<p>\"Mỗi ng&agrave;y, ch&uacute;ng ta thực hiện đủ loại quyết định, nhưng đ&aacute;ng tiếc l&agrave; ch&uacute;ng ta thường c&oacute; những lựa chọn tồi tệ (&hellip;). L&yacute; do l&agrave; v&igrave; con người dễ bị t&aacute;c động bởi nhiều định kiến kh&aacute;c nhau, m&agrave; lắm l&uacute;c ch&uacute;ng l&agrave;m ta trở n&ecirc;n thật ngớ ngẩn (&hellip;). Người ta cần những c&uacute; h&iacute;ch trước những quyết định kh&oacute; khăn v&agrave; hiếm khi xảy ra, m&agrave; hiện thời họ kh&ocirc;ng c&oacute; đủ th&ocirc;ng tin\" - lời giới thiệu của quyển s&aacute;ch viết.</p>\r\n<p>Thaler v&agrave; Sunstein mời ch&uacute;ng ta bước v&agrave;o thế giới của những lựa chọn, một thế giới xem nh&acirc;n t&iacute;nh l&agrave; một vật phẩm được ban tặng.</p>','Cú Hích','cu-hich.png',120000,50,1,37,1,'Tuổi Trẻ',123,0,'2021-07-21 00:00:00.000000'),(11,'Hầu hết các doanh nhân trẻ khi chân ướt chân ráo khởi động doanh nghiệp của mình đều trong tình trạng thiếu hụt nguồn lực. Trong khi đó, đối thủ có sẵn trên thương trường thì luôn có lợi thế, kinh nghiệm và nhiều nguồn lực hơn. Để giành chiến thắng, người đến sau phải biết vận dụng những chiến thuật đặc biệt, linh hoạt, khôn ngoan và khéo léo, đúng theo tinh thần của chiến lược chiến tranh du kích.\r\n\r\nTheo đó, Khởi nghiệp Du kích là tập hợp các chiến thuật để khởi sự kinh doanh, quản lý doanh nghiệp, đề cao tính tinh gọn, hiệu quả và tập trung. Nó đặc biệt phù hợp cho những ai đang từng bước lập nghiệp với kinh nghiệm ít ỏi và nguồn vốn hạn hẹp.','Khởi nghiệp tinh gọn','khoi-nghiep-tinh-gon.png',132000,50,0,11,1,'Hồng Đức ',112,0,'2021-07-21 00:00:00.000000'),(12,'Bằng ngòi bút trào phúng độc đáo, Số đỏ lên án gay gắt cái xã hội tư sản thành thị Việt Nam đương thơi đang chạy theo lối sống \"văn minh rởm\' hết sức lố lăng đồi bại. Tác giả đã kích cay độc các phong trào \" Âu hoá\", \"thể thao\", \" giải phóng nữ quyền\" đang phát triển rầm rộ khi ấy, nhân danh \"văn minh\", \"tiến bộ\", \"cải cách xã hội\" mà thực chất chỉ là ăn chơi truỵ lạc, làm tiền, chà đạp trắng trợn lên mọi nề nếp đạo đức truyền thố Ngôn ngữ nghệ thuật của Vũ Trọng Phụng thấm đẫm cá tính sáng tạo. Một thứ ngôn ngữ vừa gai góc, sắc nhọn, mỉa mai, chát. Cũng là thứ ngôn ngữ hướng đến sự phô bày, lên án, tố cáo những mặt trái của xã hội nhưng dữ dội hơn so với các cây bút hiện thực khác.\r\n\r\nGiá sản phẩm trên Tiki đã bao gồm thuế theo luật hiện hành. Bên cạnh đó, tuỳ vào loại sản phẩm, hình thức và địa chỉ giao hàng mà có thể phát sinh thêm chi phí khác như phí vận chuyển, phụ phí hàng cồng kềnh, thuế nhập khẩu (đối với đơn hàng giao từ nước ngoài có giá trị trên 1 triệu đồng).....','Số Đỏ','so-do.png',56000,50,0,12,2,'Kim Đồng',34,0,'2021-07-21 00:00:00.000000'),(13,'Tắt đèn của nhà văn Ngô Tất Tố phản ánh rất chân thực cuộc sống khốn khổ của tầng lớp nông dân Việt Nam đầu thế kỷ XX dưới ách đô hộ của thực dân Pháp. Tác phẩm xoay quanh nhân vật chị Dậu và gia đình – một điển hình của cuộc sống bần cùng hóa sưu cao thuế nặng mà chế độ thực dân áp đặt lên xã hội Việt Nam. Trong cơn cùng cực chị Dậu phải bán khoai, bán bầy chó đẻ và bán cả đứa con để lấy tiền nộp sưu thuế cho chồng nhưng cuộc sống vẫn đi vào bế tắc, không lối thoát.\r\n\r\nTrong tác phẩm, cảnh đời tràn nước mắt của gia đình chị Dậu đã được tái hiện một cách sống động trong từng câu chữ, chi tiết văn học với nhiều cung bậc cảm xúc của tác giả khiến người đọc không khỏi xúc động. Tác phẩm không chỉ kích thích niềm đam mê văn học ở thanh thiếu niên, mà còn bồi đắp cho lớp trẻ những tìm cảm tốt đẹp và khơi dậy lòng trắc ẩn ở các em.\r\n\r\nSách do Huy Hoang Bookstore liên kết với nhà xuất bản Văn học phát hành. Trân trọng giới thiệu tới bạn đọc!\r\n\r\nGiá sản phẩm trên Tiki đã bao gồm thuế theo luật hiện hành. Bên cạnh đó, tuỳ vào loại sản phẩm, hình thức và địa chỉ giao hàng mà có thể phát sinh thêm chi phí khác như phí vận chuyển, phụ phí hàng cồng kềnh, thuế nhập khẩu (đối với đơn hàng giao từ nước ngoài có giá trị trên 1 triệu đồng).....','Tắt Đèn','tat-den.png',89000,50,0,13,2,'Thanh Niên',58,0,'2021-07-21 00:00:00.000000'),(14,'Bước đường cùng đánh dấu đỉnh cao về tư tưởng của nhà văn Nguyễn Công Hoan và là một trong những tác phẩm tiêu biểu của văn học hiện thực phê phán Việt Nam trước Cách mạng.\r\n\r\nViết \"Bước đường cùng\", tác giả đã lường trước hậu quả là sách sẽ bị cấm. Thậm chí, người viết còn bị truy tố. Nhưng ông không sợ. Ông nghĩ, nếu bị nặng lắm thì ông cũng chỉ lãnh án từ một tới năm năm tù. Khi trở về, ông sẽ lại viết văn.\r\n\r\nBước đường cùng là tiểu thuyết nói về anh Pha, một nông dân nghèo bị Trương Thi – người hàng xóm không tốt bỏ bã rượu vào ruộng rồi báo Tây đoan về bắt. Nhưng Thi bỏ lầm vào ruộng Nghị Lại, một địa chủ lớn trong vùng. Pha thoát nạn. Nghị Lại xúi Trương Thi kiện Pha, rồi lại xúi Pha kiện Trương Thi… cứ như vậy, Nghị Lang thành ngư ông đắc lợi. Vụ thuế đến, lính cơ về làng, tróc nã, bắt trói, cùm kẹp; Sau vụ thuế, nhiều gia đình nông dân khánh kiệt, trong khi Nghị Lại và bọn kỳ hào kiếm hàng trăm. Vợ chồng Pha phải đến làm thuê cho Nghị Lại, vất vả quần quật mà cơm độn cà thiu không đủ no. Chị Pha về ốm nặng, Pha lại phải đến vay thóc Nghị Lại để ăn. Vợ anh vẫn ốm, không có tiền mua thuốc, chỉ uống mấy thứ lá linh tinh, rồi lễ bái, chạy mồ Anh phải đến phục dịch nhà Nghị Lại, rồi bị đòn, bị đuổi oan ức. Nước sông lên to, Pha và hàng trăm nông dân phải đi hộ đê, trong khi vợ con nhịn đói. Rồi nạn dịch tả. Chị Pha chỉ vì không chịu tiêm chủng đã chết về dịch. Đã thế, Pha còn bị “làng” bắt vạ vì cho rằng anh “hỗn xược với thần” để làng bị dịch! Đứa con của anh cũng chết nốt, chỉ còn mình anh trơ trọi, túng đó','Bước Đường Cùng','buoc-duong-cung.png',33000,50,0,14,2,'Lao Động',116,0,'2021-07-21 00:00:00.000000'),(15,'Lá Ngọc Cành Vàng là đoản thiên tiểu thuyết được nhà văn tiền chiến Nguyễn Công Hoan (1903-1977) viết xong năm 1935 và xuất bản lần đầu tiên vào tháng 5 năm 1939. Trí Việt Books phát hành năm 2018.\r\n\r\nLá ngọc cành vàng kể về Nga một nàng tiểu thư con quan tri phủ đem lòng yêu thương tình si gởi đến cho Chi, con trai của một mụ bán hàng quán góa chồng nghèo xơ xác. Gia đình quan tri phủ biết được thì tìm mọi cách ngăn cản cấm đoán mối tình ngang trái ấy. Ông quan tri phủ cho rằng cái mối tình không môn đăng hộ đối ấy là một tội bất hiếu với liệt tổ liệt tông và ông đã lạm dụng quyền làm cha mà hành hạ tinh thần của cả Nga và Chi rất khắc nghiệt. Hành hạ không xong ông ta thẳng tay trừng trị thể xác và ra tối hậu thư bắt đứa con gái phải tuyệt giao với người tình. \r\n\r\nKhông chịu nổi sự hành hạ về tinh thần lẫn thể xác, cô con dái đã lên nhà người chú tạm nương náu. Nơi đây cô nhung nhớ người yêu quá đỗi nên hóa thành điên dại. Khi Chi đến thăm nom chăm sóc an ủi thì Nga mới được bình phục trở lại rồi lửa gần rơm lâu ngày cũng bén và Nga có mang đứa con với Chi. Ông quan tri phủ biết được cái tin động trời này đã ra tay hành hạ Chi và mẹ của chàng rất man rợ, riêng đứa con gái thì ông ta bắt uống thuốc phá thai. Nga cự tuyệt  khiến quan tri phủ nổi cơn xung thiên đã xuống tay đánh đập đứa con gái cho đến chết.\r\n\r\nLá Ngọc Cành Vàng được xem như cuốn tiểu thuyết tả chân sinh động và thành công nhất của Nguyễn Công Hoan. Phong cách viết văn trong cuốn truyện này rất đặc trưng tiêu biểu của lớp nhà văn tiền chiến miền Bắc trước đây: tả hoặc muốn tả cái hiện thực, phê phán xã hội thể chế quan lại cũ xưa, đả kích thực dân (ở đây chỉ Pháp) và bọn cường hào ác bá. Qua ngòi bút của Nguyễn Công Hoan nét trào phúng, hài hước, châm biếm, trào lộng vẫn được lồng trong nội dung cảm động bi thương, để rồi những khắc nghiệt của gia phong quan tri phủ được hiện lên một cách rõ rệt và đáng sợ, để khiến cho cô con gái tên Nga vốn là cành vàng lá ngọc phải chịu những roi đòn thí mạng.\r\n\r\nGiá sản phẩm trên Tiki đã bao gồm thuế theo luật hiện hành. Bên cạnh đó, tuỳ vào loại sản phẩm, hình thức và địa chỉ giao hàng mà có thể phát sinh thêm chi phí khác như phí vận chuyển, phụ phí hàng cồng kềnh, thuế nhập khẩu (đối với đơn hàng giao từ nước ngoài có giá trị trên 1 triệu đồng).....','Lá Ngọc Cành Vàng','la-ngoc-canh-vang.png',35000,50,0,14,2,'Kim Đồng',100,0,'2021-07-21 00:00:00.000000'),(16,'<p>\"K&eacute;p Tư Bền\" l&agrave; t&ecirc;n đại diện cho tập truyện ngắn gồm 21 truyện của Nguyễn C&ocirc;ng Hoan. N&oacute;i đến Nguyễn C&ocirc;ng Hoan trước hết l&agrave; n&oacute;i đến một bậc thầy truyện ngắn trong văn học Việt Nam hiện đại. Thế giới truyện ngắn Nguyễn C&ocirc;ng Hoan đa dạng, phong ph&uacute; như một \"b&aacute;ch khoa thư\", một \"tấn tr&ograve; đời\" m&agrave; đặc trưng l&agrave; x&atilde; hội phong kiến của thực d&acirc;n ở Việt Nam nửa đầu thế kỷ 20. Truyện ngắn Nguyễn C&ocirc;ng Hoan c&oacute; nhiều n&eacute;t gần vớitruyện cười d&acirc;n gian, tiếp thu được truyền thống lạc quan của nh&acirc;n d&acirc;n muốn d&ugrave;ng tiếng cười như một \"vũ kh&iacute; của người mạnh\" để tống tiễn c&aacute;i lạc hậu, c&aacute;i xấu xa v&agrave;o dĩ v&atilde; Truyện ngắn Nguyễn C&ocirc;ng Hoan với đặc điểm của n&oacute; đ&atilde; n&acirc;ng cao khả năng nhận thức v&agrave; kh&aacute;m ph&aacute; c&aacute;c hiện tượng x&atilde; hội phức tạ Ch&uacute;ng ta c&oacute; quyền tự h&agrave;o về Nguyễn C&ocirc;ng Hoan v&agrave; coi &ocirc;ng l&agrave; bậc thầy truyện ngắ Nguyễn C&ocirc;ng Hoan l&agrave; nh&agrave; văn c&oacute; c&ocirc;ng khai ph&aacute;, mở đường cho chủ nghĩa hiện thực trong văn học Việt Nam thời kỳ hiện đạ Gi&aacute; sản phẩm tr&ecirc;n Tiki đ&atilde; bao gồm thuế theo luật hiện h&agrave;nh. B&ecirc;n cạnh đ&oacute;, tuỳ v&agrave;o loại sản phẩm, h&igrave;nh thức v&agrave; địa chỉ giao h&agrave;ng m&agrave; c&oacute; thể ph&aacute;t sinh th&ecirc;m chi ph&iacute; kh&aacute;c như ph&iacute; vận chuyển, phụ ph&iacute; h&agrave;ng cồng kềnh, thuế nhập khẩu (đối với đơn h&agrave;ng giao từ nước ngo&agrave;i c&oacute; gi&aacute; trị tr&ecirc;n 1 triệu đồng).....</p>','Kép Tư Bền ','kep-tu-ben.png',40000,50,0,14,2,'Thanh Niên',125,36800,'2021-07-21 00:00:00.000000'),(19,'Câu chuyện về một mùa hè ngọt ngào, những trò chơi nghịch ngợm và bâng khuâng tình cảm tuổi mới lớn. Chỉ vậy thôi nhưng chứng tỏ tác giả đúng là nhà kể chuyện hóm hỉnh, khiến đọc cuốn hút từ tựa đến trang cuối cùng, có lẽ chính vì giọng văn giản dị và trong trẻo của Nguyễn Nhật Ánh, và kết thúc thì có hậu đầy thuyết phục. Câu chuyện cho tuổi học trò, đọc xong là thấy ngập lên khao khát quay về một thời thơ bé, với tình thầy trò, bè bạn, tình xóm giềng, họ hàng, qua cách nhìn đời nhẹ nhõm, rộng lượng.\r\n\r\nCuốn sách này nhà văn đề tặng “Những năm tháng ấu thơ”, tặng các bạn thời nhỏ, cũng là tặng bạn đọc thân thiết của mình.\r\n\r\nGiá sản phẩm trên Tiki đã bao gồm thuế theo luật hiện hành. Bên cạnh đó, tuỳ vào loại sản phẩm, hình thức và địa chỉ giao hàng mà có thể phát sinh thêm chi phí khác như phí vận chuyển, phụ phí hàng cồng kềnh, thuế nhập khẩu (đối với đơn hàng giao từ nước ngoài có giá trị trên 1 triệu đồng)....','Bảy bước tới mùa hè','bay-buoc-toi-mua-he.png',110500,50,0,16,2,'Lao Động',211,0,'2021-07-21 00:00:00.000000'),(21,'Giới thiệu tóm tắt tác phẩm:\r\n“Tạp văn của Nguyễn Nhật Ánh không chỉ luận bàn về mì Quảng. Anh nói đủ mọi thứ trên trời dưới bể. Từ món ăn đến thư pháp, từ sân khấu đến điện ảnh, từ chuyện ở nhà đến chuyện cơ quan, từ chuyện siêu thị đến chuyện phố xá, từ chuyện Sài Gòn đến chuyện miền Tây Anh luận bàn đủ thứ: từ lớn đến nhỏ, từ đồ giả đến cuộc náo loạn Hollywood, từ quạt Cophaco đến quạt Ba Tiêu Anh cũng thích đủ mọi thứ: từ thú đọc quảng cáo đến nghe cải lương bên sông Tiền, từ xem bóng đá đến ngắm hoa đào trong tranh, rồi “chat” Rồi buồn và nuối tiếc những kỷ niệm xưa như Chia tay buổi chiều, Sách của một thời, Buồn gì đâu\r\n\r\nAnh trò chuyện với đủ mọi người: từ gã họ Đỗ ở báo Sài Gòn Tiếp Thị đến các bạn đọc nhí của tờ Mực Tím, từ chị trông giữ xe đến những người hàng xóm, bà cụ bán nước, từ cô con gái nhỏ trong nhà đến những em bé chẳng hề lang thang trong những kiếp ngườ Đọc hết, mới thấy một Nguyễn Nhật Ánh thật ân tình và tỉ mỉ. Hóa ra những cuộc trò chuyện của anh cứ tưởng là tầm phào thế mà đầy triết lý. Anh không bàng quan, không thờ ơ với cuộc sống mà nặng lòng với hết thảy. Sau mỗi cuộc chuyện trò, cho dù đó là cuộc gặp gỡ ngẫu nhiên, bao giờ anh cũng phát hiện ra một điều gì đấy - cái điều mà chính anh cũng thấy bất ngờ, thú vị.\r\n\r\nGiá sản phẩm trên Tiki đã bao gồm thuế theo luật hiện hành. Bên cạnh đó, tuỳ vào loại sản phẩm, hình thức và địa chỉ giao hàng mà có thể phát sinh thêm chi phí khác như phí vận chuyển, phụ phí hàng cồng kềnh, thuế nhập khẩu (đối với đơn hàng giao từ nước ngoài có giá trị trên 1 triệu đồng).....','Người Quảng Đi Ăn Mì Quảng','nguoi-quang-di-an-my-quang.png',55400,50,0,16,2,'Thanh Niên',23,0,'2021-07-21 00:00:00.000000'),(22,'Cái tựa sách quả là có sức gợi tò mò.\r\n\r\nTại sao lại là con chó mang giỏ hoa hồng? Nó mang cho bạn nó, hay cho những ai biết yêu thương nó?\r\n\r\nCâu chuyện về 5 chú chó đầy thú vị và cũng không kém cảm xúc lãng mạn- tác phẩm mới nhất của nhà văn bestseller Nguyễn Nhật Ánh sẽ khiến bạn thay đổi nhiều trong cách nhìn về loài thú cưng số 1 thế giới này.\r\n\r\nGiá sản phẩm trên Tiki đã bao gồm thuế theo luật hiện hành. Bên cạnh đó, tuỳ vào loại sản phẩm, hình thức và địa chỉ giao hàng mà có thể phát sinh thêm chi phí khác như phí vận chuyển, phụ phí hàng cồng kềnh, thuế nhập khẩu (đối với đơn hàng giao từ nước ngoài có giá trị trên 1 triệu đồng).....','Con Chó Nhỏ Mang Giỏ Hoa Hồng','con-cho-mang-gio-hoa-hong.png',68800,50,0,16,2,'Thanh Niên',45,0,'2021-07-21 00:00:00.000000'),(23,'Đó là những kỷ niệm thời đi học của Chương, lúc mới bước chân vào Sài Gòn và làm quen với cuộc sống đô thị. Là những mối quan hệ bạn bè tưởng chừng hời hợt thoảng qua nhưng gắn bó suốt cuộc đời. Cuộc sống đầy biến động đã xô dạt mỗi người mỗi nơi, nhưng trải qua hàng mấy chục năm, những kỷ niệm ấy vẫn luôn níu kéo Chương về với một thời để nhớ.\r\n\r\nGiá sản phẩm trên Tiki đã bao gồm thuế theo luật hiện hành. Bên cạnh đó, tuỳ vào loại sản phẩm, hình thức và địa chỉ giao hàng mà có thể phát sinh thêm chi phí khác như phí vận chuyển, phụ phí hàng cồng kềnh, thuế nhập khẩu (đối với đơn hàng giao từ nước ngoài có giá trị trên 1 triệu đồng).....','Còn chút gì để nhớ','con-chut-gi-de-nho.png',51500,50,0,16,2,'Thanh Niên',78,0,'2021-07-21 00:00:00.000000'),(24,'Cậu bé Nông Văn Dền quê ở Nà Mạ, châu Hà Quảng (Cao Bằng) được giác ngộ cách mạng và đặt bí danh Kim Đồng. Kim Đồng được giao nhiệm vụ canh gác, chuyển thư từ, liên lạc… đưa đường cho cán bộ vượt qua vùng bị địch bao vây, canh gác.\r\n\r\nMột đêm gần sáng, khi đi liên lạc về, phát hiện lính địch phục kích gần nơi có cán bộ của ta, Kim Đồng đã nhanh trí nhử cho bọn địch nổ súng về phía mình. Nhờ tiếng súng báo động ấy, các cán bộ đã kịp tránh thoát lên rừng nhưng Kim Đồng, người đội trưởng đầu tiên của Hội Nhi đồng Cứu quốc (sau này là Đội Thiếu niên Tiền phong Hồ Chí Minh) đã trúng đạn và anh dũng hi sinh ngay bên dòng suối quê hương.\r\n\r\nGiá sản phẩm trên Tiki đã bao gồm thuế theo luật hiện hành. Bên cạnh đó, tuỳ vào loại sản phẩm, hình thức và địa chỉ giao hàng mà có thể phát sinh thêm chi phí khác như phí vận chuyển, phụ phí hàng cồng kềnh, thuế nhập khẩu (đối với đơn hàng giao từ nước ngoài có giá trị trên 1 triệu đồng).....','Kim Đồng','kim-dong.png',25000,50,0,4,2,'Thanh Niên',99,0,'2021-07-21 00:00:00.000000'),(25,'Những Ngõ Phố của Tô Hoài vẽ nên bức tranh sinh động, nhiều màu sắc về con người và những ngõ phố Hà Nội. Ở ngõ phố ấy có cô gái nhảy quyết tâm làm lại cuộc đời bằng việc gánh cát thuê, có người vợ đang phải chống chọi lại với những sợ hãi tủi nhục vì chồng mình là lính ngụy, có cuộc sống đơn sơ của đôi vợ chồng sống bằng nghề nhặt rá Những con người ấy, trong ngõ phố ấy, đã tạo nên ngõ phố của những nhọc nhằn nhưng tràn ngập niềm vui, đầy ắp tình người và mang đậm chất Hà Nội.\r\n\r\nHà Nội những năm 50-60 với đạn bom khói lửa.\r\n\r\nHà Nội thời kháng chiến với bao nhọc nhằn, khốn khó nhưng thấm đẫm tình người.\r\n\r\nHà Nội với những con người kiên cường bất khuất, sẵn sàng bám trụ để bảo vệ mảnh đất quê hương.\r\n\r\nHà Nội, nơi những con đường, ngõ phố,đã đi vào lịch sử như một mình chứng cho một thời kỳ đấu tranh của dân tộc.\r\n\r\nGiá sản phẩm trên Tiki đã bao gồm thuế theo luật hiện hành. Bên cạnh đó, tuỳ vào loại sản phẩm, hình thức và địa chỉ giao hàng mà có thể phát sinh thêm chi phí khác như phí vận chuyển, phụ phí hàng cồng kềnh, thuế nhập khẩu (đối với đơn hàng giao từ nước ngoài có giá trị trên 1 triệu đồng).....','Những ngõ phố','nhung-ngo-pho.png',99000,50,0,4,2,'Hồng Đức',67,0,'2021-07-21 00:00:00.000000'),(26,'Trong làng văn học Việt Nam rất hiếm có nhà văn nào nhận được sự yêu thương, mến mộ từ nhiều thế hệ độc giả khác nhau như nhà văn Tô Hoài. Nếu các bạn nhỏ biết đến ông như một người bạn dí dỏm, đáng yêu qua kiệt tác Dế mèn phiêu lưu ký và series truyện ngộ nghĩnh về loài vật, thì độc giả lớn tuổi biết đến ông như một cây đại thụ của làng văn với nhiều tác phẩm đã trở thành những tượng đài bất tử như Vợ chồng A Phủ, Cứu đất cứu mường, Chuyện đầm sen đền Đồng Cổ…\r\n\r\nQuê Nhà là bức tranh tái hiện lại cuộc chiến đấu anh dũng của những anh hùng vô danh, những người mà trước đó tay chỉ quen với việc cấy việc cày việc nhà việc cửa nay lại dũng cảm đứng lên giương cờ nghĩa trong những năm đầu khi thực dân Pháp xâm lược.\r\n\r\nDường như với bất kỳ tác phẩm nào của mình đã xuất bản, nhà văn cũng luôn cẩn trọng đọc lại và chỉnh sửa những chi tiết chưa hài lòng. Như chính lời con trai của Cụ, nhà báo Nguyễn Phương Vũ, chia sẻ: “Đã từ lâu từ khi cầm bút bố tôi là người cẩn thận và luôn có trách nhiệm với câu chữ nên mỗi bản in dù là in lại nhưng ông luôn đọc, cắt gọt, chỉnh sửa, “uốn nắn”, tỉ mẩn như người dệt vải. Khi ông trao lại cho tôi để xử lý nhập liệu với một bản thảo chi chít màu mực, chữ, từ, câu mà ông thêm bớt đan xen ngang dọc. Cha tôi là vậy, sự cẩn trọng, kỹ lưỡng trong nghề viết như mối nợ tình với ông.”','Quê nhà','que-nha.png',115600,50,0,4,2,'Tuổi Trẻ',12,0,'2021-07-21 00:00:00.000000'),(27,'<p>Rồi hắn nhấc cả con g&agrave; ra thớt. Bắt đầu chặt lấy c&aacute;i sỏ, sau mới chặt đến miếng phao c&acirc;u. Th&igrave;nh l&igrave;nh thấy hắn đứng l&ecirc;n ngoảnh mặt v&agrave;o ph&iacute;a mấy &ocirc;ng đ&agrave;n anh: - Thưa tr&igrave;nh c&aacute;c cụ, h&ocirc;m nay sỏ g&agrave; pha mấy? phao g&agrave; pha mấy? Một &ocirc;ng trong bọn nh&igrave;n qua v&agrave;o đ&aacute;m nhiều tuổi, h&igrave;nh như để đếm đầu người, rồi đ&aacute;p: - Ở đ&acirc;y chỉ c&oacute; năm cụ v&agrave; bốn &ocirc;ng đ&agrave;n anh. Vậy th&igrave; sỏ g&agrave; pha năm, pha g&agrave; pha bốn. Gi&aacute; sản phẩm tr&ecirc;n Tiki đ&atilde; bao gồm thuế theo luật hiện h&agrave;nh. B&ecirc;n cạnh đ&oacute;, tuỳ v&agrave;o loại sản phẩm, h&igrave;nh thức v&agrave; địa chỉ giao h&agrave;ng m&agrave; c&oacute; thể ph&aacute;t sinh th&ecirc;m chi ph&iacute; kh&aacute;c như ph&iacute; vận chuyển, phụ ph&iacute; h&agrave;ng cồng kềnh, thuế nhập khẩu (đối với đơn h&agrave;ng giao từ nước ngo&agrave;i c&oacute; gi&aacute; trị tr&ecirc;n 1 triệu đồng).....</p>','Việc làng','viec-lang.png',40000,50,0,13,2,'Tuổi Trẻ',35,0,'2021-07-21 00:00:00.000000'),(28,'Bạn chỉ còn đúng năm phút để tới kịp lễ khai mạc buổi hội thảo vô cùng quan trọng đối với sự nghiệp của mình trong khi vẫn đang loay hoay tìm chỗ đậu xe, và bạn chỉ có hai lựa chọn: chấp nhận bị phạt hành chính vì đỗ xe sai nơi quy định để tới hội thảo đúng giờ hay tiếp tục tìm kiếm bãi đỗ xe và đến muộn.\r\n\r\nĐây chỉ là một ví dụ trong vô số bài toán kinh tế mà mỗi chúng ta phải giải hằng ngày. Như vậy, kinh tế học hóa ra không chỉ là một lĩnh vực tri thức cao siêu, xa vời dành riêng cho những nhà kinh tế học, chính khách hay doanh nhân, nó hiện diện trong mọi quyết định lớn nhỏ của đời sống. Nhận thức được tầm quan trọng của những hiểu biết kinh tế học căn bản đối với con người trong xã hội đương đại nhiều biến động khó lường, Niall Kishtainy đã trang bị cho độc giả đại chúng một “công cụ” sắc bén, hữu ích mà lại rất dễ dàng tiếp cận.\r\n\r\nLược sử kinh tế học chọn lọc và trình bày theo trật tự biên niên những hình thái, học thuyết, vấn đề và quy luật kinh tế then chốt trong các xã hội phương Tây suốt mấy ngàn năm qua với một góc nhìn khách quan, cách diễn giải cuốn hút và những ví dụ minh họa rất sinh động, gần gũi. Có lẽ, không ít độc giả, sau khi gấp cuốn sách này lại, sẽ không còn muốn chuyển kênh khi chương trình ti vi tường thuật một buổi tọa đàm của các chuyên gia kinh tế.\r\n\r\nGiá sản phẩm trên Tiki đã bao gồm thuế theo luật hiện hành. Bên cạnh đó, tuỳ vào loại sản phẩm, hình thức và địa chỉ giao hàng mà có thể phát sinh thêm chi phí khác như phí vận chuyển, phụ phí hàng cồng kềnh, thuế nhập khẩu (đối với đơn hàng giao từ nước ngoài có giá trị trên 1 triệu đồng).....','Lược sử kinh tế học','luoc-su-kinh-te-hoc.png',87750,50,0,17,1,'Tuổi Trẻ',12,0,'2021-07-21 00:00:00.000000'),(29,'Miếng ăn, tiền mặt, xèng, đồng, bạc, hào… cho dù bạn gọi nó là gì thì tiền vẫn quan trọng. Với mỗi người tiền mang một ý nghĩa khác nhau.\r\n\r\nVới người Ki-tô giáo, lòng yêu tiền là nguồn gốc của mọi tội lỗi. Với các vị tướng, tiền là tài lực nuôi chiến tranh; với các nhà cách mạng, nó là gông xiềng của tầng lớp lao động. Nhưng thực sự tiền là gì? Có phải nó là một núi bạc như các nhà chinh phục người Tây Ban Nha từng nghĩ? Hay chỉ cần là những phiến đất sét và những tờ giấy in? Làm thế nào mà chúng ta lại sống trong một thế giới nơi hầu hết tiền bạc đều vô hình, không nhiều nhặn gì hơn những con số trên màn hình máy tính? Tiền từ đâu đến? Và chúng đã biến đi đâu?\r\n\r\nĐồng tiền có bẩn thỉu như chúng ta vẫn thành kiến? Bất chấp tất cả, đồng tiền đã lên ngôi, và sự lên ngôi của đồng tiền là thiết yếu cho sự lên ngôi của loài người, đưa con người từ mức sống khốn khổ lên đỉnh cao của sự thịnh vượng vật chất.\r\n\r\nCó thể nói không ngoa rằng tiền là một phát minh vĩ đại nhất về mặt kinh tế của loài người cho đến nay. Và để tìm hiểu một cách thấu đáo, đầy đủ về tiền là một việc hoàn toàn không đơn giản. Rất may là phần lớn các tri thức này đã được Niall Ferguson hệ thống hóa một cách khoa học và trình bày một cách hấp dẫn trong cuốn sách Đồng Tiền Lên Ngôi (The Ascent of Money).','Đồng Tiền Lên Ngôi','dong-tien-len-ngoi.png',248000,50,0,18,1,'Tuổi Trẻ',35,0,'2021-07-21 00:00:00.000000'),(32,'Cuốn sách CẨM NANG CẤU TRÚC TIẾNG ANH gồm 25 phần, mỗi phần là một phạm trù kiến thức trong tiếng Anh được trình bày một cách ngắn gọn, đơn giản, cô đọng và hệ thống hoá dưới dạng sơ đồ, bảng biểu nhằm phát triển khả năng tư duy của người học và từ đó giúp người học nhớ kiến thức nhanh hơn và sâu hơn. Sau hầu hết các phần lí thuyết đều có 20-30 câu bài tập áp dụng để kiểm tra cũng như khắc sâu kiến thức cho người học. Tuy dày chưa đến 250 trang nhưng cuốn sách lại có thể bao trọn toàn bộ kiến thức từ đơn giản đến phức tạp cộng với cách tận dụng tối đa và áp dụng triệt để cách học tiếng Anh bằng sơ đồ tư duy.\r\nGiá sản phẩm trên Tiki đã bao gồm thuế theo luật hiện hành. Bên cạnh đó, tuỳ vào loại sản phẩm, hình thức và địa chỉ giao hàng mà có thể phát sinh thêm chi phí khác như phí vận chuyển, phụ phí hàng cồng kềnh, thuế nhập khẩu (đối với đơn hàng giao từ nước ngoài có giá trị trên 1 triệu đồng).....','Cẩm Nang Cấu Trúc Tiếng Anh','cam-nang-cau-truc-tieng-anh.png',54320,50,0,19,3,'Hông Đức',23,0,'2021-07-21 00:00:00.000000'),(34,'<p>\"Qu&ecirc; người của T&ocirc; Ho&agrave;i c&ograve;n cho ta thấy biết bao c&aacute;i giản dị v&agrave; n&ecirc;n thơ của người d&acirc;n qu&ecirc; Việt Nam &ndash; những người tuy ph&aacute;c thực m&agrave; rất mơ m&agrave;ng: họ vốn l&agrave; t&aacute;c giả những c&acirc;u ca dao bất hủ. H&atilde;y xem c&aacute;i c&aacute;ch hẹn h&ograve; của cặp t&igrave;nh nh&acirc;n Hời v&agrave; Ng&acirc;y, c&aacute;ch hẹn h&ograve; &yacute; nhị của Tristan c&ugrave;ng Iseut. Đ&ocirc;ng T&acirc;y c&oacute; lẽ gặp nhau ở chỗ n&agrave;y.&rdquo; - Nh&agrave; nghi&ecirc;n cứu VŨ NGỌC PHAN Nh&agrave; văn T&ocirc; Ho&agrave;i (1920-2014) t&ecirc;n thật l&agrave; Nguyễn Sen. Sinh ng&agrave;y 27 th&aacute;ng 9 năm 1920 tại Nghĩa Đ&ocirc;, Từ Li&ecirc;m, H&agrave; Nội. &Ocirc;ng tham gia c&aacute;ch mạng từ trước 1945 trong Hội &Aacute;i hữu C&ocirc;ng nh&acirc;n, Hội Văn h&oacute;a Cứu quốc. &Ocirc;ng từng l&agrave;m ph&oacute;ng vi&ecirc;n rồi l&agrave;m Chủ nhiệm b&aacute;o Cứu quốc Việt Bắc. Năm 1957-1958 &ocirc;ng l&agrave;m Tổng Thư k&yacute; Hội Nh&agrave; văn Việt Nam, sau đ&oacute; l&agrave;m Ph&oacute; Tổng Thư k&yacute; trong nhiều năm. Từ 1986-1996 &ocirc;ng l&agrave;m Chủ tịch Hội Văn nghệ H&agrave; Nội. &Ocirc;ng viết hơn trăm t&aacute;c phẩm với nhiều thể loại kh&aacute;c nhau: b&uacute;t k&yacute;, truyện ngắn, tiểu thuyết, kịch bản phim, ch&acirc;n dung, tiểu luận&hellip; T&aacute;c phẩm được nhiều thế hệ độc giả y&ecirc;u th&iacute;ch nhất l&agrave; tập truyện thiếu nhi Dế M&egrave;n phi&ecirc;u lưu k&yacute;. &Ocirc;ng mất ng&agrave;y 6 th&aacute;ng 7 năm 2014 tại H&agrave; Nội.</p>','Quê Người','que-nguoi.png',60000,50,0,4,2,'Hông Đức',17,50000,'2021-07-21 00:00:00.000000'),(35,'Chinh Phục Cụm Động Từ Tiếng Anh\r\n\r\nTrong tiếng Anh có vô số động từ, mỗi động từ lại có thể kết hợp với rất nhiều tiểu từ để tạo nên rất nhiều nghĩa khác nhau. Do đó, việc học cụm động từ tiếng Anh trở nên khá khó khăn với người đọc. Xuất phát từ thực tế này, tác giả đã dày công nghiên cứu để tìm ra phương pháp học cụm động từ tiếng Anh một cách hiệu quả nhất. Tất cả những bí quyết đó được đúc rút và cô đọng trong cuốn sách Chinh phục cụm động từ tiếng Anh.\r\n\r\nGiá sản phẩm trên Tiki đã bao gồm thuế theo luật hiện hành. Bên cạnh đó, tuỳ vào loại sản phẩm, hình thức và địa chỉ giao hàng mà có thể phát sinh thêm chi phí khác như phí vận chuyển, phụ phí hàng cồng kềnh, thuế nhập khẩu (đối với đơn hàng giao từ nước ngoài có giá trị trên 1 triệu đồng).....','Chinh Phục Cụm Động Từ Tiếng Anh','chinh-phuc-cum-dong-tu-tieng-anh.png',52000,50,0,19,3,'Hông Đức',21,0,'2021-07-21 00:00:00.000000'),(38,'Tác phẩm đề cập đến : A Graphic History The Pillars of Civilization The Pillars of Civilization (Trụ Cột Của Các Nền Văn Minh), Yuval Noah Harari và những người bạn đồng hành của mình bao gồm Giáo sư Saraswati và Tiến sĩ Fiction đã đi suốt chiều dài và bề rộng của lịch sử loài người để điều tra xem Cách mạng Nông nghiệp đã thay đổi xã hội mãi mãi như thế nào. Khám phá cách lúa mì đã chiếm lĩnh thế giới, chiến tranh, nạn đói, bệnh tật và bất bình đẳng đã trở thành một phần của tình trạng con người như thế nào, và tại sao chúng ta có thể chỉ có thể đổ lỗi cho chính mình. \r\n\r\nĐiều gì sẽ xảy ra nếu những tai ương lớn của nhân loại - chiến tranh, bệnh dịch, nạn đói và bất bình đẳng - bắt nguồn từ 12.000 năm trước, khi người Homo sapiens chuyển đổi từ những người du mục thành những người định cư, theo đuổi tưởng tượng về năng suất và hiệu quả? Điều gì sẽ xảy ra nếu bằng cách tìm cách kiểm soát thực vật và động vật, con người cuối cùng lại bị kiểm soát bởi các vị vua, linh mục và bộ máy quan liêu Kafkaesque?ãy theo chân Yuval Noah Harari để cùng khám phá!!!','Lược Sử Loài Người Bằng Tranh','luoc-su-loai-nguoi-bang-tranh.png',238050,50,0,24,21,'Lao Động',10,0,'2021-07-21 00:00:00.000000'),(39,'Lịch sử thế giới hay còn gọi là lịch sử loài người, bắt đầu từ thời đại đồ đá cũ đến nay trong quá trình tiến hóa loài người. Đó là một hành trình lịch sử đem đến vĩ đại của loài người như hiện nay, rất đáng đọc và tìm hiểu. \r\n\r\nLịch sử thế giới là một tác phẩm biên soạn của hai tác giả Nguyễn Hiến Lê và Thiên Giang Trần Kim Bảng. Cuốn sách gần 600 trang được chắt lọc và trình bày theo một trình tự sắp xếp từ thời thượng cổ - trung cổ - thời cận đại - hiện đại.  Nội dung bao gồm nhiều phần, mỗi phần nhiều chương, sau mỗi chương đều có tóm tắt để người đọc lĩnh hội dễ dàng.\r\n\r\nTrái đất đã có được hàng triệu năm rồi loài người mới xuất hiện. Sinh sau các loài khác, sức lại yếu, đời lại ngắn, mà nhờ có hai bàn tay, bộ óc và tiếng nói, tổ tiên ta đã kiên nhẫn chống với đói, lạnh, với bệnh tật, với mãnh thú để tồn tại và tiến tới. Những bước tiến đó mới đầu chậm lắm.\r\n\r\n Trong hàng trăm ngàn năm, chỉ mới biết gây và giữ lửa rồi đập đá làm những khí cụ thô sơ; sau mới biết mài đá làm những đồ vật tinh xảo hơn, biết trồng lúa, nuôi súc vật, cất nhà sàn, dệt gai bố, nặn đất sét, chế đồ đồng. Và lại biết dùng cả thì giờ rảnh ghi lại những cảnh đẹp đẽ hoặc hãi hùng bằng những nét vẽ, nét đục tinh xảo.','Lịch Sử Thế Giới','lich-su-the-gioi.png',182880,50,0,25,21,'Lao Động',11,0,'2021-07-21 00:00:00.000000'),(40,'Chiến Quốc Sách là cuốn cổ sử Trung Quốc viết về lịch sử thời Chiến Quốc. Qua thời Chiến Quốc, số chư hầu giảm xuống còn trên một chục: Tề, Tần, Sở, Triệu, Ngụy, Hà nhưng chỉ có bảy nước lớn tranh hùng với nhau, tức: Tần, Tề, Sở, Hàn, Ngụy, Triệu, Yên. Trong số thất hùng, mạnh nhất là Tần, Sở, Tề vì đất đai đã rộng mà tài nguyên lại nhiều.\r\n\r\nCác nước đó tổ chức những liên minh để đánh lẫn nhau. Có hai kế hoạch liên minh lớn nhất là kế hoạch \"hợp tung\" của Tô Tần và kế hoạch \"liên hoành\" của Trương Nghi. Tung có nghĩa là đường dọc mà hoành có nghĩa là đường ngang. Các nước từ Bắc tới Nam, tức từ Yên đến Sở liên hợp với nhau thành một cái trục dọc để chống lại Tần, cho nên gọi là hợp tung. Để chống lại thế đó, Trương Nghi thuyết phục một số nước ở phía đông Tần cắt đầu cầu hoà với Tần thành một trục ngang để đánh các nước kia, cho nên gọi là liên hoành. Tới cuối thời chiến quốc, rốt cuộc các mâu thuẫn lần lần tập trung tại thành mâu thuẫn giữa Tần và sáu nước: Hàn, Ngụy, Triệu, Yên, Tề, Sở.\r\n\r\nCàng gần tới mãn cục thì chiến tranh càng khốc liệt mà tình cảnh càng bi đát: có nước bắt lính tới một phần năm dân số, ông già bảy chục tuổi cũng phải tòng quân, có nước thu thuế của dân tới hai phần ba huê lợi mới đủ nuôi quan đội. Trong khi đó, các chính khách, các nhà du thuyết bôn tẩu không ngớt từ nước này qua nước khác, tấp nập trên đường, xe ngựa nối  nhau, tán lọng chạm nhau, vàng bạc châu báu tuôn ra để mua chuộc nhau, ly tán nhau, phản gián nhau.\r\n\r\nThời đó là thời \"đánh nhau để tranh đất, giết người đầy đồng; đánh nhau để tranh thành, giết người tranh đất, giết người đầy đồng; bực thánh vương nào ra đời; các vua chư hầu thì phóng túng, bọn xử sĩ thì bàn ngang luận càn\", thời \"không duy uy quyền thì không đứng được, không dùng thế lực thì không thi hành được chính trị\".','Chiến Quốc Sách','sach-chien-quoc.png',204000,50,0,25,21,'Lao Động',27,0,'2021-07-21 00:00:00.000000'),(41,'Thế giới Ả Rập còn gọi là dân tộc Ả Rập hoặc các quốc gia Ả Rập, hiện gồm có 22 quốc gia nói tiếng Ả Rập thuộc Liên đoàn Ả Rập. Lãnh thổ của các quốc gia Ả Rập trải dài từ Đại Tây Dương tại phía tây đến biển Ả Rập tại phía đông, và từ Địa Trung Hải tại phía bắc đến Sừng châu Phi và Ấn Độ Dương tại phía đông nam. Tổng dân số thế giới Ả Rập là khoảng 422 triệu người theo số liệu năm 2012, trên một nửa trong số đó dưới 25 tuổi.\r\n\r\nTrong thời Trung đại, thế giới Ả Rập đồng nghĩa với các đế quốc Ả Rập trong lịch sử. Chủ nghĩa dân tộc Ả Rập trỗi dậy vào nửa cuối của thế kỷ 19, cùng với các phong trào dân tộc chủ nghĩa khác bên trong Đế quốc Ottoman. Liên đoàn Ả Rập được thành lập vào năm 1945 nhằm đại diện cho lợi ích của nhân dân Ả Rập và đặc biệt là theo đuổi thống nhất chính trị các quốc gia Ả Rập; một kế hoạch được gọi là chủ nghĩa liên Ả Rập\r\n\r\nTrong tôn giáo, đa số dân chúng trong thế giới Ả Rập trung thành với Hồi giáo, và tôn giáo này có vị thế chính thức tại hầu hết các quốc gia trong số đó. Luật Shariah hiện diện một phần trong hệ thống tư pháp tại một số quốc gia (đặc biệt là bán đảo Ả Rập), trong khi các quốc gia khác có tư pháp thế tục. Đa số các quốc gia Ả Rập tin theo Hồi giáo Sunni, riêng Iraq và Bahrain có cộng đồng Hồi giáo Shia chiếm đa số, còn Liban, Yemen và Kuwait có một thiểu số Shia lớn. Tại Ả Rập Xê Út, các nhóm Ismail cũng tồn tại trong vùng Al-Hasa ở miền đông và thành phố Najran ở miền nam. Hồi giáo Ibadi được hành đạo tại Oman, tín đồ Ibadi chiếm khoảng 75% số người Hồi giáo tại Oman.','Sách Lịch Sử Văn Minh Ả Rập','lich-su-van-minh-a-rap.png',123000,50,0,25,21,'Lao Động',55,0,'2021-07-21 00:00:00.000000'),(42,'Trần Trọng Kim (1883 - 1953) là một học giả danh tiếng đầu thế kỷ XX, cùng thời với những tên tuổi lớn như Phạm Quỳnh, Nguyễn Văn Vĩnh… Với bút hiệu Lệ Thần, ông đã có nhiều thành tựu trong lĩnh vực khảo cứu, biên soạn, dịch thuật, để lại cho đời nhiều tác phẩm có giá trị về lịch sử, văn hóa như Việt Nam sử lược, Việt Nam văn phạm, Nho giá\r\nViệt Nam sử lược là cuốn sách lịch sử Việt Nam đầu tiên viết bằng chữ quốc ngữ, hệ thống lại toàn bộ lịch sử nước Việt (cho đến thời kỳ Pháp thuộc).\r\n\r\nBộ Việt Nam sử lược này, soạn giả chia ra làm 5 thời đại:\r\n\r\nThời đại thứ nhất là Thượng cổ thời đại, kể từ họ Hồng Bàng cho đến hết đời nhà Triệu.\r\nThời đại thứ nhì là Bắc thuộc thời đại, kể từ khi vua Vũ Đế nhà Hán lấy đất Nam Việt của nhà Triệu, cho đến đời Ngũ Quý,\r\nThời đại thứ ba là Thời đại tự chủ, kể từ nhà Ngô, nhà Đinh cho đến Sơ diệp nhà Hậu Lê.\r\nThời đại thứ tư là Nam Bắc phân tranh, kể từ khi nhà Mạc làm sự thoán đoạt cho đến nhà Tây Sơn.\r\nThời đại thứ năm là Cận kim thời đại, kể từ vua Thế Tổ bản triều cho đến cuộc Bảo hộ bây giờ.\r\nĐộc giả cũng nên biết cho rằng bộ sử này là bộ Sử lược chỉ cốt ghi chép lại những chuyện trọng yếu để hãy tạm giúp cho những người hiếu học có sẵn quyển sách mà xem cho tiện. Còn như làm ra việc bộ sử thật sự thích đáng kê cứu và phê bình rất tường tận, thì hãy xin để dành cho những bậc tài danh sau này sẽ ra công mà giúp cho nước ta về việc học sử.\r\n\r\nGiá sản phẩm trên Tiki đã bao gồm thuế theo luật hiện hành. Bên cạnh đó, tuỳ vào loại sản phẩm, hình thức và địa chỉ giao hàng mà có thể phát sinh thêm chi phí khác như phí vận chuyển, phụ phí hàng cồng kềnh, thuế nhập khẩu (đối với đơn hàng giao từ nước ngoài có giá trị trên 1 triệu đồng).....','Việt Nam Sử Lược','viet-nam-su-luoc.png',116800,50,0,26,21,'Lao Động',57,0,'2021-07-21 00:00:00.000000'),(43,'- \"Phủ biên tạp lục\" là một công trình sử học - địa chí về vùng đất Đàng Trong dưới thời các chúa Nguyễn, từ 1558-1775. Đó là một khảo cứu có giá trị của nhà bác học Lê Quý Đôn, được ông biên soạn tập trung trong năm 1776, khi đang làm Hiệp trấn phủ, Tham tán quân cơ tại Huế; đã được Ngô Thì Sĩ viết lời bạt ngợi ca năm 1777.\r\n- Tài liệu cơ bản mà Lê Quý Đôn sử dụng để biên soạn Phủ biên tạp lục, ngoài các sách sử ký, địa chí, còn là các văn bản hành chính, thuế khóa, ruộng đất, binh chế, học chế, thơ văn dưới các đời chúa Nguyễn. Ông còn sử dụng tư liệu nhân chứng sống của các viên chức cũ và ông đã trực tiếp đi thực tế tìm hiểu địa thế, di tích, thu thập tư liệu mọi mặt.\r\nBản dịch bổ chính Phủ biên tạp lục của nhà nghiên cứu Trần Đại Vinh được MaiHaBooks tái bản lần này đã đóng góp vào việc hoàn thiện một danh sách làng xã, thôn ấp, phường giáp, trang trại thuộc các tổng, huyện, phủ của 2 xứ Thuận Hóa và Quảng Nam vào cuối thời chúa Nguyễn; cung cấp những hiểu biết xác đáng về các làng nghề, các địa phương tại Đàng Trong; đính chính những sai lầm về địa danh của các bản dịch trước đây. Điều đó góp phần phát huy hiệu quả sử dụng của Phủ biên tạp lục.\r\n- Đặc biệt, trong lần tái bản này, MaiHaBooks đã bổ sung nội dung bản chữ Hán Phủ biên tạp lục được lưu trữ tại Centre National de la recherche scientifique - Paris (Trung tâm Quốc gia Nghiên cứu khoa học - Paris), ký hiệu lưu trữ là: 8453-6. Microfilme le 1175, có đóng dấu tên Henri Maspéro (có lẽ đây là bản mà Henri Maspéro cho tiến hành sao chép đầu thế kỷ XX khi nghiên cứu về miền Trung Việt Nam nên có đóng dấu của ông). Đây là bản Phủ biên tạp lục đầy đủ gồm 6 quyển, với đủ các chương mục, trong đó ở cuối quyển 1 có bản danh sách tên, số lượng phủ, huyện, tổng, xã, thôn, trang, trại ở hai xứ Thuận Hóa và Quảng Nam.\r\n- Với những nội dung đã điều chỉnh, bổ sung, MaiHaBooks hi vọng sẽ cung cấp cho bạn đọc những tài liệu hữu ích phục vụ việc tìm hiểu, nghiên cứu vùng đất Đàng Trong, đặc biệt là xứ Thuận Hoá và Quảng Nam vào cuối thời chúa Nguyễn.','Phủ Biên Tạp Lục','phu-bien-tap-luc.png',216750,50,0,27,21,'Lao Động',78,0,'2021-07-21 00:00:00.000000'),(44,'Tiểu thuyết Gốm lấy cảm hứng từ sự kiện lịch sử vị vua cách mạng Hàm Nghi bị phế truất khỏi ngai vàng, bí mật tham gia phong trào Cần Vương trước khi phải chịu cảnh lưu đày biệt xứ tận Phi châu. Song song trong đó là câu chuyện gặp gỡ tình cờ giữa chàng thợ gốm trẻ tuổi tài hoa đến từ làng Phước Tích và tay chủ lò gốm Long Trường đến từ Đại Pháp. Trong quá trình hoàn thiện bức tranh gốm vẽ chân dung đương kim hoàng đế, cả hai bất ngờ bước vào cuộc đối đầu tư tưởng căng thẳng, vào xung đột về quan điểm và xu hướng sáng tạo nghệ thuật, sự khám phá bản thể và đối phương.\r\n\r\nNhư tác giả Nguyễn Hữu Nam chia sẻ, khi bắt tay viết Gốm anh không có nhiều vốn liếng kiến thức về nghề cổ truyền này. Đọc tư liệu thôi chưa đủ, anh tham gia những hội chợ đồ gốm, rong ruổi ở làng gốm Tân Vạn, vào từng hộ có lò gốm đang trên bờ lăn lốc, tàn lụi… Những người thợ gốm nhem nhuốc lam lũ với thù lao ít ỏi đang cố giữ cái nghề truyền thống mà cha ông trao truyền, những con người mang vẻ muôn năm cũ ấy, rách giấy vẫn cố giữ lấy nghề ấy được anh tái hiện trên nền cảnh của ngôi làng có “Om Phước Tích ngon cơm hoàng đế” bên dòng Ô Lâu hiền hòa xứ Huế thế kỷ XIX. Ở Gốm, có những trang viết dành cho nghề gốm cổ truyền tuyệt mỹ của dân tộc, và sự ngưỡng vọng dành cho đức vua Hàm Nghi.\r\n\r\nGiá sản phẩm trên Tiki đã bao gồm thuế theo luật hiện hành. Bên cạnh đó, tuỳ vào loại sản phẩm, hình thức và địa chỉ giao hàng mà có thể phát sinh thêm chi phí khác như phí vận chuyển, phụ phí hàng cồng kềnh, thuế nhập khẩu (đối với đơn hàng giao từ nước ngoài có giá trị trên 1 triệu đồng).....','Gốm','gom.png',26000,50,0,28,21,'Lao Động',45,0,'2021-07-21 00:00:00.000000'),(45,'“Ngàn năm áo mũ” là công trình nghiên cứu công phu của Trần Quang Đức nhằm dựng lại bức tranh trang phục Việt Nam trong cung đình và ngoài dân gian trong khoảng một nghìn năm từ thời Lý đến thời Nguyễn (1009-1945).Tác giả đã bỏ nhiều năm khai thác từ nguồn tư liệu Hán - Nôm hay các văn tự, văn vật cổ, tìm kiếmtrong nước và nước ngoài, nhất là Trung Quốc, Hàn Quốc, Nhật Bản để có được những tư liệu quý giá đúc kết nên tác phẩm.\r\n\r\n“Ngàn năm áo mũ” phân khảo về trang phục năm triều đại: Lý, Trần, Lê, Tây Sơn, Nguyễn. Trong mỗi triều đại khảo luận về ba loại hình trang phục: cung đình, quân đội và dân gian, cùng đó là lý giải và phân tích mức độ mô phỏng trang phục Trung Hoa trong quy chế trang phục của triều đại Việt Nam.\r\n\r\nẤn bản phổ thông “Ngàn năm áo mũ”ra mắt lần đầu năm 2013. NayNhã Nam xin trân trọng giới thiệu đến các bạn ấn bản bìa da PU cao cấp và giới hạn của cuốn sách. Đây là ấn bản đã có điều chỉnh và sửa chữa một số thông tin, đồng thời bổ sung một số ảnh chụp có chất lượng tốt hơn.\r\n\r\nẤn bản cao cấp và giới hạn “Ngàn năm áo mũ”với bìa sách được làm từ da PU, ép nhũ vàng tây.Sách dày 400 trang, in khổ 17x25 cm, ruột được in 4 màu trên giấy offset Nhật màu ngà, định lượng 130gsm.\r\n\r\nCác ấn bản cao cấp giới hạn này sẽ chỉ in duy nhất một lần 333 bản, được đánh số từ 1-333. Tất cả các bản đềucó chữ ký tác giả và đóng triện Nhã Nam, đựng trong hộp bồi thủ công trên carton 3 li.\r\n\r\nCó thể nói, “Ngàn năm áo mũ” bù đắp phần nào vào khoảng thiếu hụt của nghiên cứu lịch sử trang phục Việt Nam nói riêng, lịch sử văn hóa Việt Nam nói chung. Đây thực sự là một công trình tâm huyết, quan trọng và có giá trị lâu dài.','Ngàn năm áo mũ','ngan-nam-ao-mu.png',1700000,50,0,29,21,'Lao Động',34,0,'2021-07-21 00:00:00.000000'),(46,'Được hoàn thiện bằng chữ Hán năm 1914, rồi được chính tác giả chuyển soạn sang chữ quốc ngữ và đăng trên Đông Dương tạp chí năm 1915, VIỆT SỬ YẾU của Hoàng Cao Khải có thể xem là cuốn sách quốc ngữ đầu tiên mở ra lối viết hiện đại về lịch sử Việt Nam. Học tập cách viết sử từ phương Tây, sách tạo nên một bứt phá đáng kể trong cách tiếp cận và biên soạn lịch sử, khác hẳn lối chép sử biên niên truyền thống của các sử gia phong kiến.\r\nNhư một cuốn sử yếu, tác phẩm khái quát ngắn gọn nhưng tương đối đầy đủ về toàn bộ lịch sử Việt Nam, từ sự khởi đầu của nhà nước Văn Lang cho đến thời điểm cuốn sách được hoàn thiện năm Duy Tân thứ tám, 1914. Thay vì lần lượt ghi chép các sự kiện theo trình tự năm tháng và các đời vua chúa, Hoàng Cao Khải đưa ra cách phân kỳ lịch sử mới, hệ thống hóa và bố cục thành các chương, tiết rành mạch, chặt chẽ, đồng thời có những ý kiến phê bình, nhận xét tinh tế, sắc bén. Đó là điều mang lại cảm hứng cùng những gợi dẫn vô cùng quan trọng để các công trình sau đó kế thừa, phát huy, trong đó trực tiếp và đáng kể nhất là Việt Nam sử lược của Trần Trọng Kim. Cho đến nay, VIỆT SỬ YẾU vẫn là một công trình mang nhiều điểm độc đáo để chúng ta cùng suy ngẫm và đối thoại.\r\n\r\nGiá sản phẩm trên Tiki đã bao gồm thuế theo luật hiện hành. Bên cạnh đó, tuỳ vào loại sản phẩm, hình thức và địa chỉ giao hàng mà có thể phát sinh thêm chi phí khác như phí vận chuyển, phụ phí hàng cồng kềnh, thuế nhập khẩu (đối với đơn hàng giao từ nước ngoài có giá trị trên 1 triệu đồng).....','Việt Sử Yếu','viet-su-yeu.png',237500,50,0,30,21,'Lao Động',0,0,'2021-07-21 00:00:00.000000'),(47,'Tác phẩm “Sử Việt - 12 khúc tráng ca” kể về 12 câu chuyện dựng nước và giữ nước thời phong kiến, được chọn lọc theo tính chất quan trọng và hùng tráng trong dòng chảy lịch sử Việt Nam. Cuốn sách là sự kết hợp của những tư liệu lịch sử đã được kiểm chứng, xen kẽ với nhận định và đánh giá của người biên soạn. Tác phẩm kể lại các câu chuyện Sử Việt đầy hấp dẫn bằng một cách tiếp cận hoàn toàn mới, không phải như tiểu thuyết dã sử, nhưng cũng không phải là một tài liệu chuyên khảo khô khan.\r\n\r\nĐây là cuốn sách dành cho tất cả mọi thế hệ. Bởi chỉ cần là người Việt Nam, thì đều có thể tìm kiếm được trong đây tình yêu với sử nhà bởi tính chất hấp dẫn, bi hùng và những bài học của tiền nhân để lại thông qua những câu chuyện đặc sắc.\r\n\r\nKhông chỉ đưa người đọc đến với những vị anh hùng như Lý Thường Kiệt, Trần Hưng Đạo… cuốn sách còn đến với những nhân vật quan trọng chưa được đánh giá đúng mực (Khúc Hạo), hay những địa danh bị bụi phủ mờ (thành Bình Lỗ, đầm Thi Nại), càng không chỉ nói sơ qua chiến tích ở Bạch Đằng, mà còn giúp hiểu thêm kĩ thuật đóng cọc trên sông. Bên cạnh giải đáp chuyện bí ẩn Quang Trung hành quân thần tốc, còn lý giải vì sao lãnh thổ dân tộc có diện mạo hình chữ S như ngày hôm nay.\r\n\r\n“Sử Việt – 12 khúc tráng ca” hệt như một cuốn phim li kì, với hàng loạt câu hỏi về các nghi án lịch sử, những tranh đoạt hoàng quyền trong các triều đại phong kiến Việt Nam. Cuốn sách như một bản nhạc, khi thì dồn dập, khi thì bi ai, khi thì hùng tráng, khi thì trầm mặc. Những câu chuyện trập trùng xen kẽ như các khúc ca thăng trầm của dân tộc Việt Nam.\r\nGiá sản phẩm trên Tiki đã bao gồm thuế theo luật hiện hành. Bên cạnh đó, tuỳ vào loại sản phẩm, hình thức và địa chỉ giao hàng mà có thể phát sinh thêm chi phí khác như phí vận chuyển, phụ phí hàng cồng kềnh, thuế nhập khẩu (đối với đơn hàng giao từ nước ngoài có giá trị trên 1 triệu đồng).....','Sử Việt – 12 Khúc Tráng Ca','su-viet-12-khuc-trang-ca.png',79200,50,0,31,21,'Giao Thông',0,0,'2021-07-21 00:00:00.000000'),(48,'Đền chùa, cung điện, biệt thự thời Pháp và những công trình kiến trúc Liên Xô, lịch sử Hà Nội từ xưa đến nay, từ vinh quang đến đau khổ, luôn diễn ra giữa hai thế giới Á, Âu. Sau một thời gian dài dưới chế độ Bắc thuộc, năm 1010, Thăng Long đã vươn mình bay lên. Trong các thế kỷ sau đó, qua những triều đại nối tiếp nhau, Thăng Long đã thực sự trở thành một kinh đô phát triển rực rỡ vào thế kỷ thứ XV, dưới thời Lê, đánh dấu đỉnh cao của Nhà nước Nho giáo. Trí thức và quan lại tấp nập ra vào trong triều, chi tiêu, mua sắm làm giàu cho khu thị dân, trong khi tiếng tăm của các viện sĩ thuộc Hàn lâm Viện lan rộng tới cả ngoại bang. Mặc dù luôn có những biến cố trong hoàng cung, kinh đô của Bắc Kỳ đã khắc sâu trong tâm tưởng của những lữ khách phương Tây bỏ neo bên bờ sông Hồng vào thế kỷ XVII. Rồi Hà Nội là thành phố của “ba sáu phố phường”, của những người buôn bán và thợ thủ công với những phố Hàng Đào, Hàng Bạc, Hàng Trống, Hàng Giầy. Thành phố đánh mất vai trò thủ đô vào đầu thế kỷ XIX để rồi, trớ trêu thay, lại trở thành thủ đô dưới thời Pháp thuộc. Trong hơn nửa thế kỷ, Hà Nội là thủ phủ của toàn cõi Đông Dương. Giai đoạn này đã để lại cho Hà Nội những công trình hoành tráng, những biệt thự xinh đẹp giờ đây trở thành di sản của thành phố bên cạnh các làng, các phường, cùng đền chùa và Văn Miếu.\r\n\r\nPhilippe Papin là cựu học sinh khoa sử trường Đại học Sư phạm Saint-Cloud, từng là thành viên của Viện Viễn Đông Bác cổ, đã sống ở Hà Nội từ năm 1991 đến năm 2004, hiện nay là giáo sư trường Cao học Thực hành thuộc trường Đại học Sorbonne.\r\nGiá sản phẩm trên Tiki đã bao gồm thuế theo luật hiện hành. Bên cạnh đó, tuỳ vào loại sản phẩm, hình thức và địa chỉ giao hàng mà có thể phát sinh thêm chi phí khác như phí vận chuyển, phụ phí hàng cồng kềnh, thuế nhập khẩu (đối với đơn hàng giao từ nước ngoài có giá trị trên 1 triệu đồng).....','Lịch Sử Hà Nội','lich-su-ha-noi.png',121900,50,0,32,21,'Giao Thông',0,0,'2021-07-21 00:00:00.000000'),(49,'Trong số nhiều tác phẩm về vùng đất và con người Việt Nam một thuở do người Pháp ghi chép, bộ sách 2 tập Nam kỳ và cư dân (tập đầu về các tỉnh miền Tây và tập sau về các tỉnh miền Đông) của bác sĩ thuộc địa hạng nhất chiếm vị trí đặc biệt quan trọng. Với thời gian sống và làm việc lâu năm, phải thực địa sâu sát đến từng địa phương của Nam kỳ với lý do chuyên môn nghề nghiệp là bác sĩ, được tiếp xúc với người dân bản xứ và quan chức thuộc địa cả người An Nam lẫn người Pháp, ông đặc biệt thấu hiểu xứ sở thông qua hành trình tác nghiệp dọc theo hệ thống sông ngòi chằng chịt của vùng đất này, cùng với đó là khả năng tiếp cận những dữ liệu về dân cư, địa chí, các đặc điểm địa lý và tự nhiên, lịch sử… Các yếu tố này góp phần giúp tác giả xây dựng được 2 tập sách đồ sộ về Nam kỳ cuối thế kỷ XIX, với dày đặc thông tin và kèm theo những đánh giá về cơ hội phát triển của xứ Nam kỳ, những điều thiết tưởng vẫn còn hữu ích cho chúng ta ngày hôm nay.','Nam Kỳ Và Cư Dân Các Tỉnh Miền Tây','nam-ky-va-cu-dan-cac-tinh-mien-tay.png',255000,50,0,28,21,'Giao Thông',0,0,'2021-07-21 00:00:00.000000'),(50,'Đây là tập khảo cứu - du ký của học giả Vương Hồng Sển về vùng đất Sốc-Trăng -  từ xa xưa cho đến trước năm 1945: Đất đai, thủy thổ, con người, phong tục. Tác phẩm cung cấp nhiều tư liệu quý giá về Sốc -Trăng và vùng Hậu Giang từ lúc người Việt mới đến khai hoang định cư.\r\n\r\nVới người trẻ ngày nay, việc đọc lại những tác phẩm có giá trị lịch sử như thế này càng làm tôn lên tình yêu thương quê hương đất nước, đặc biệt gợi lại cho những người con miền Nam những hoài niệm sâu sắc về những vùng đất Nam Bộ một thời, đầy sự thú vị mà không dễ gì có thể quay lại đượ\r\n\r\nKính mời độc giả tìm đọc trọn bộ 02 tập Chuyện Cũ Ở Sốc-Trăng - Di Cảo.\r\n\r\nGiá sản phẩm trên Tiki đã bao gồm thuế theo luật hiện hành. Bên cạnh đó, tuỳ vào loại sản phẩm, hình thức và địa chỉ giao hàng mà có thể phát sinh thêm chi phí khác như phí vận chuyển, phụ phí hàng cồng kềnh, thuế nhập khẩu (đối với đơn hàng giao từ nước ngoài có giá trị trên 1 triệu đồng).....','Chuyện Cũ Ở Sốc-Trăng - Di Cảo','chuyen-cu-o-soc-trang-di-cao.png',205000,50,0,28,21,'Giao Thông',0,0,'2021-07-21 00:00:00.000000'),(52,' Năm 1874, triều đình Huế ký với Pháp Hiệp ước Giáp Tuất, chính thức thừa nhận chủ quyền của Pháp đối với 6 tỉnh Nam Kỳ. Từ đây, thực dân Pháp đã tổ chức xây dựng một bộ máy cai trị, bố trí quan lại chức tước nhằm dần hoàn thiện công cuộc bình định Nam Kỳ, làm bàn đạp tiến tới xâm chiếm toàn bộ nước ta. Điểm đặc biệt của bộ máy cai trị thời kỳ này là có sự tồn tại cùng lúc các quan chức người Pháp và quan lại lục bộ Annam trong chính quyền.\r\n      Paulus Của hay Huỳnh Tịnh Của (1830-1908), hiệu Tịnh Trai, quê ở huyện Đất Đỏ, tỉnh Bà Rịa - Vũng Tàu. Trong thời gian được bổ nhiệm Ðốc phủ sứ, làm Giám đốc ty phiên dịch văn án ở Soái phủ Sài Gòn, ông đã nhận thấy nhiều điểm bất tiện trong cách gọi và cách hiểu các chức vị trong bộ máy hành chính: người Pháp khó có thể nghe và đọc hiểu các chức quan của người Annam và ngược lại, người Annam cũng không thể hiểu rõ ràng các chức vụ của người Pháp trong chính quyền cai trị. Để giải quyết khó khăn đó, dựa vào hội điển nhà Thanh, hội điển Nam Việt, kết hợp với vốn hiểu biết phong phú về tiếng Pháp, chữ Nho và những nghiên cứu về chữ Quốc ngữ của mình, Paulus Của đã tổng hợp và cho ra đời cuốn SÁCH QUAN CHẾ (Des titres civils et militaires français avec leur traduction en Quốc ngữ - Les six ministères de l’Annam et leur composition organisation civile et militaire).','Sách quan chế','sach-quan-che.png',126750,50,0,29,21,'Giao Thông',0,0,'2021-07-21 00:00:00.000000'),(53,'Cuốn sách Nam Việt thần kỳ hội lục là một công trình dịch thuật – khảo cứu công phu, cẩn trọng và có tính hệ thống chặt chẽ về các nhân danh được phong thần tại các địa điểm thờ tự ở miền Bắc Việt Nam thời Lê – Nguyễn. Nội dung sách chia thành ba phần chính\r\n\r\nPhần một: Khảo cứu về văn bản Nam Việt thần kỳ hội lục, cho người đọc một cái nhìn tổng quát về lai lịch, tính chất, vai trò của văn bản này, cũng như vị trí của tín ngưỡng dân gian trong dòng chảy chung của văn hoá Việt Nam thời trung đại.\r\n\r\nPhần hai: Bản dịch và khảo cứu địa danh, nhân danh xuất hiện trong văn bản.\r\n\r\nPhần ba: Phụ lục văn bản chữ Hán của Nam Việt thần kỳ hội lục.','Nam Việt Thần Kỳ Hội Lục','viet-nam-than-ky-hoi-luc.png',299000,50,0,30,21,'Giao Thông',0,0,'2021-07-21 00:00:00.000000'),(54,'Lịch Sử Việt Nam Bằng Tranh: Nguyễn Trãi (Bản Màu)\r\nGiá sản phẩm trên Tiki đã bao gồm thuế theo luật hiện hành. Bên cạnh đó, tuỳ vào loại sản phẩm, hình thức và địa chỉ giao hàng mà có thể phát sinh thêm chi phí khác như phí vận chuyển, phụ phí hàng cồng kềnh, thuế nhập khẩu (đối với đơn hàng giao từ nước ngoài có giá trị trên 1 triệu đồng).....','Lịch Sử Việt Nam Bằng Tranh: Nguyễn Trãi','lich-su-viet-nam-bang-tranh-nguyen-trai.png',121800,50,0,28,21,'Tri Thức',0,0,'2021-07-21 00:00:00.000000'),(55,'Lịch Sử Việt Nam Bằng Tranh: Trần Hưng Đạo (Bản Màu)\r\nGiá sản phẩm trên Tiki đã bao gồm thuế theo luật hiện hành. Bên cạnh đó, tuỳ vào loại sản phẩm, hình thức và địa chỉ giao hàng mà có thể phát sinh thêm chi phí khác như phí vận chuyển, phụ phí hàng cồng kềnh, thuế nhập khẩu (đối với đơn hàng giao từ nước ngoài có giá trị trên 1 triệu đồng)....','Lịch Sử Việt Nam Bằng Tranh: Trần Hưng Đạo ','lich-su-viet-nam-bang-tranh-tran-hung-dao.png',121800,50,0,29,21,'Tri Thức',0,0,'2021-07-21 00:00:00.000000'),(56,'Năm 1965, nhà giáo Phan Nam Sinh - con của ông - tiến hành việc soạn, sắp xếp, lập danh mục và gói buộc toàn bộ sách vở, báo chí cùng các bản thảo viết tay chưa công bố của ông, để bà mẹ giữ gìn, bảo quản tại Hà Nội.\r\n\r\nNhưng chỉ từ năm 2007, Di cảo mới được một người con khác của ông ở Hà Nội - là người trực tiếp gìn giữ, bảo quản Di cảo từ năm 1977, đến lúc đó là tròn 30 năm - tiến hành nghiên cứu, phân loại và sắp xếp để chuẩn bị cho việc xuất bản. Theo đó, Di cảo gồm chín bản thảo - có một bản dịch - được ông viết từ quý III/1950 đến tháng 2/1958, thuộc cả hai thời kỳ: kháng chiến chống Pháp trên Việt Bắc (sáu bản thảo); sau hòa bình lập lại năm 1954 ở Hà Nội (ba bản thảo); cùng năm cuốn sổ tay ghi chép, trong đó một cuốn khổ nhỏ còn lưu lại di bút cuối cùng của ông đề ngày 2/1/1959, tức chỉ 14 ngày trước khi ông qua đời (16/1/1959).\r\n\r\nCác bản thảo đều thuộc sở trường của ông, là lịch sử cổ đại Trung Quốc, lịch sử cận đại Việt Nam, tiếng Việt, thêm phần tiểu sử tự thuật do tự tay ông viết trong cuộc chỉnh huấn năm 1953 trên Việt Bắc. Với hoàn cảnh xã hội của miền Bắc trước năm 1975 và của cả nước trước năm 1986; với hoàn cảnh của cá nhân ông về cuối đời bị quy kết tội phản động, bị khai trừ khỏi Hội Nhà văn, bị cấm công bố tác phẩm, thì các bản thảo có giá trị nhiều mặt này cũng phải chịu chung số phận không được công bố; đó là một thiệt thòi cho học giới nước nhà.','Sách - Phan Khôi di cảo','phan-khoi-di-cao.png',153000,50,0,33,21,'Tri Thức',0,0,'2021-07-21 00:00:00.000000'),(57,'Giá sản phẩm trên Tiki đã bao gồm thuế theo luật hiện hành. Bên cạnh đó, tuỳ vào loại sản phẩm, hình thức và địa chỉ giao hàng mà có thể phát sinh thêm chi phí khác như phí vận chuyển, phụ phí hàng cồng kềnh, thuế nhập khẩu (đối với đơn hàng giao từ nước ngoài có giá trị trên 1 triệu đồng).....','Tam Quốc Di Sự','tam-quoc-di-su.png',149600,50,0,30,21,'Tri Thức',0,0,'2021-07-21 00:00:00.000000'),(59,'“Nguyễn Trường Tộ, con người và di thảo” là một công trình nghiên cứu lịch sử đồ sồ. Tuy nhiên, quyển sách đã vượt tầm của một quyển sách nghiên cứu lịch sử thông thường. Bên cạnh việc trả lời những câu hỏi về quá khứ, quyển sách đã để lại nhiều suy ngẫm về thế nào là làm người, thế nào là một trí thức, thế nào là một người quốc dân. Chủ thể của quyển sách - Nguyễn Trường Tộ, một con người đã vượt ra khỏi cái khuôn thông thường để định nghĩa “tri thức” mà trở thành một danh nhân trong lịch sử Việt Nam. \r\n\r\nCó rất nhiều điều để nói về quyển sách, nhưng tôi chỉ xin khái quát một vài ba trọng điểm không nói không được, phần còn lại, xin mời độc giả tự suy ngẫm và chiêm nghiệm sẽ hay hơn. ','Nguyễn Trường Tộ - Con người và Di thảo','nguyen-truong-to-con-nguoi-va-di-thao.png',189000,50,0,28,21,'Tuổi Trẻ',0,0,'2021-07-21 00:00:00.000000'),(61,'Đây là cuốn sách nhập môn đầy đủ nhất về lĩnh vực lịch sử đô thị trong kỷ nguyên hiện đại, với dấu ấn rõ nét định hình qua thế kỷ XIX và XX.\r\n\r\nCuốn sách này khám phá đô thị và lịch sử đô thị hiện tại như là đối tượng trung tâm của những biến động trong lịch sử nhân loại, từ sự phổ biến của động cơ hơi nước, điện năng, nền dân chủ đến thương mại quốc tế, chủ nghĩa thực dân và chủ nghĩa dân tộc, cuộc cách mạng về kiến trúc hay Chiến tranh Lạnh. Shane Ewen tiếp cận lịch sử đô thị từ góc nhìn vừa bao quát vừa cụ thể. Đô thị như là không gian của yếu tố giới, giai cấp, sắc tộc, không gian của các loại chủ nghĩa, của tư tưởng, của các tác giả, nhà báo hay thậm chí là khách du lịch. Đô thị cũng là địa điểm phô diễn các ý tưởng cải tạo, sắp đặt, của môi trường tự nhiên và môi trường nhân tạo đan cài vào nhau.\r\n\r\nChưa hết, đô thị trong lịch sử hiện đại còn là nơi con người ta tổ chức, vận dụng, thể nghiệm những ý tưởng về quản lý, quản trị, thuật trị lý, nơi tầng lớp thị dân được tập hợp lại, sắp đặt và được yêu cầu tuân thủ yêu cầu của một “tổ chức chính quyền đô thị” (kỷ luật nhà máy, vệ sinh, sức khỏe cộng đồng, phòng cháy chữa cháy). Sử gia Ewen khiến đô thị trở thành một thực thể sống động thay vì một thứ tĩnh tại, một khái niệm vô tri. Theo ông, đô thị hiện đại còn gắn liền với người đồng tính, với vai trò của nữ giới cùng sự phân biệt giới tính đậm đặc.\r\n\r\nBằng cách tiếp cận so sánh và xuyên quốc gia, công trình này đã chứng minh hùng hồn cho tính đa dạng trong nghiên cứu học thuật quốc tế với cái nhìn bao quát cả phương Đông và phương Tây, từ dưới lên và từ trên xuống, cái nhìn khu vực kết hợp cái nhìn toàn cầu.','Lịch Sử Đô Thị Hiện Đại','lich-su-do-thi-hien-dai.png',169000,50,0,28,21,'Thanh Niên',0,0,'2021-07-21 00:00:00.000000'),(62,'TIỀN ĐẺ RA TIỀN : Đầu tư tài chính thông minh – Bí quyết thành công của triệu phú Anh\r\nTrong cuộc sống ở thế kỉ XXI, tiền là một thứ quá quan trọng, quá thiết yếu đến mức không thể cứ mặc các chuyên gia giải quyết. Và chúng ta luôn theo đuổi con đường làm giàu với ước muốn một ngày nào đó có thể tận hưởng cuộc sống một cách thoải mái nhất có thể, nhưng giàu bao nhiêu là \"đủ\"? , “Làm sao để Tiền đẻ ra tiền?” và “Làm cách nào để chi tiêu một cách thông minh?” luôn là câu hỏi mà chắc hẳn ai trong chúng ta cũng đang từng ngày hỏi chính bản thân mình.\r\n\r\nSau sự thành công của hai cuốn sách “Thức tỉnh và thay đổi cuộc đời bạn: Bí quyết thành công của triệu phú Anh” và “Quản lý thời gian thông minh của người thành đạt: Bí quyết thành công của triệu phú Anh” là những câu chuyện, những lời khuyên dựa trên những kinh nghiệm phong phú của cuộc đời mình và nhằm mục đích truyền cảm hứng động lực làm giàu cho mọi công dân đều có thể trở thành triệu phú, thì triệu phú người Anh và tác giả của nhiều đầu sách nổi tiếng Duncan Bannatyne đã cho ra mắt cuốn sách “ Tiền Đẻ Ra Tiền - Đầu Tư Tài Chính Thông Minh”.','Tiền Đẻ Ra Tiền','tien-de-ra-tien.png',72190,50,0,37,1,'Hồng Đức',0,0,'2021-07-21 00:00:00.000000'),(63,'Người giàu có nhất thành Babylon (tiếng Anh: The Richest Man in Babylon) được xem là một trong những tác phẩm truyền cảm hứng lớn nhất về chủ đề tiết kiệm, kế hoạch tài chính và sự giàu có cá nhân. Tác phẩm được viết bởi doanh nhân, nhà văn Mỹ George Samuel Clason vào năm 1926, kể về cách tiết kiệm, buôn bán và làm giàu của người dân ở thành Babylon cổ xưa.\r\n\r\nBan đầu đây chỉ là một tập sách nhỏ, viết về các cách quản lý tài chính và do các ngân hàng và công ty bảo hiểm phân phối. Sau khi được tổng hợp, biên tập thành một cuốn sách trọn vẹn, “Người giàu có nhất thành Babylon” bất ngờ trở nên phổ biến và nổi tiếng trên toàn thế giới bởi những lời khuyên về quản lý tài chính hết sức khôn ngoan.\r\n\r\nCuốn sách tập hợp nhiều câu chuyện cổ về các nhân vật vươn lên từ nghèo khổ để trở nên giàu có, được kính trọng bậc nhất thành Babylon. Có thể kể đến câu chuyện của “người giàu có nhất thành Babylon” Arkad – một thợ khắc gỗ khi còn trẻ, hay người cho vay vàng Mathon, những người nô lệ như Dabasir, Megiddo, Sharru Nada,…','Người Giàu Có Nhất Thành Babylon','nguoi-giau-co-nhat-thanh-babylon.png',67700,50,0,38,1,'Hồng Đức',0,0,'2021-07-21 00:00:00.000000'),(64,'“Đọc Truyện Tây Bắc, chúng ta có cảm tưởng đó vừa là một bản cáo trạng, vừa là một khúc tình ca: cáo trạng đối với phong kiến miền núi và thực dân, tình ca ngợi khen cảnh đẹp, tập quán hay, tinh thần cách mạng, quan hệ giữa người và người Tây Bắc, như bản tình ca viết với một bút pháp trữ tình nồng đượm và nên thơ.\r\n”Giáo sư HUỲNH LÝ“\r\nTruyện Vợ chồng A Phủ cũng như tập Truyện Tây Bắc nói chung bộc lộ rõ nét phong cách của Tô Hoài: màu sắc dân tộc đậm đà; chất thơ, chất trữ tình đằm thắm, lời văn giàu tính tạo hình.”\r\n','Truyện Tây Bắc','truyen-tay-bac.png',44500,50,0,4,2,'Kim Đồng',0,0,'2021-07-21 00:00:00.000000'),(65,'Trong chúng ta ai cũng biết và nhận thức rằng thay đổi là việc cần phải làm, thay đổi bây giờ không chỉ là chìa khóa của thành công mà thậm chí là chìa khóa để thích nghi và tồn tại. Nhưng đâu phải dễ dàng để tự nhiên một con người có thể nhận ra những yếu điểm, những điều cần thiết mà bản thân mình phải thay đổi.\r\nĐúng vậy, Trước hết bạn cần phải thức tỉnh, bạn cần phải biết bạn đang có những gì và điều bạn thực sự cần là gì, tự đặt câu hỏi cho bản thân rằng mình muốn đi về đâu, muốn trở thành một con người như thế nào.\r\n\r\nNối tiếp chuỗi câu chuyện kể về cuộc đời mình và truyền cảm hứng động lực cho mọi công dân đều có thể trở thành triệu phú, triệu phú người Anh và tác giả của nhiều đầu sách nổi tiếng Duncan Bannatyne đã cho ra mắt cuốn sách “ Thức tỉnh và thay đổi cuộc đời bạn: Bí quyết thành công của triệu phú Anh”.\r\nSau thành công của đầu sách: “Quản lý thời gian thông minh của người thành đạt: Bí quyết thành công của triệu phú Anh” thì đây chính là một cuốn sách tuyệt vời Duncan Bannatyne sẽ đưa người đọc đến cách làm thế nào để có thể bắt đầu khởi nghiệp và làm thế nào chúng ta có thể xây dựng thành công của chính bản thân mình. Cuốn sách này sẽ hướng bạn tới loại bỏ các rào cản mà mọi người tạo nên giữa bản thân và ước mơ của họ và giúp bạn thấy được những cơ hội xung quanh mình. Không có lý do gì mà bạn không thể bắt đầu khởi nghiệp để thay đổi cuộc sống của bản thân cả.','Thức Tỉnh Và Thay Đổi Cuộc Đời','thuc-tinh-va-thay-doi-cuoc-doi.png',70850,50,0,37,1,'Hồng Đức',0,0,'2021-07-21 00:00:00.000000'),(66,'Thời gian là tiền, là sức khỏe, là trí tuệ. Tại sao có những cảm thấy 24h mỗi ngày là chưa đủ, còn có những người lại mong ngóng ngày này trôi qua thật nhanh. Và điểm chung của nó, nếu ai cảm thấy thời gian trôi thật nhanh thì họ đang có mục đích sông của riêng mình và thành công đang chờ họ, trái lại với đó nếu ai cảm thấy thời gian trôi thật chậm thì họ đang bị bế tắc và mãi không thoát ra khỏi vòng luẩn quẩn, và bạn biết rồi đấy, thành công không có đâu nếu mãi không tìm thấy lối ra. : Bí quyết thành công của triệu phú Anh sẽ giúp bạn sử dụng thời gian một cách hiệu quả hơn.','Sách Quản Lý Thời Gian Thông Minh ','quan-ly-thoi-gian.png',113400,50,0,37,1,'Hồng Đức',0,0,'2021-07-21 00:00:00.000000'),(67,'Trong tác phẩm Con đường khởi nghiệp, Ries đã trình bày cách thực hiện thành công khởi nghiệp – xây dựng sản phẩm khả dụng tối thiểu, tập trung vào khách hàng, luôn đánh giá kiểm tra một cách khoa học bằng phương pháp xây dựng-đo lường-học hỏi của cải cách không ngừng và ra quyết định khi nào thì đeo bám hay\r\nđiều chỉnh. Ở Con đường khởi nghiệp, tác giả đã chuyển sang tập trung vào một nhóm các tổ chức mới khác hẳn trước đây: các công ty danh tiếng lâu đời là biểu tượng về công ty đa quốc gia như GỆ và Toyota; các gã khổng lồ về công nghệ như Ámazon và Facebook và các công ty khởi nghiệp thuộc thế hệ kế tiếp của Silicon Valley như Áirbnb và Twilio.\r\nGiá sản phẩm trên Tiki đã bao gồm thuế theo luật hiện hành. Bên cạnh đó, tuỳ vào loại sản phẩm, hình thức và địa chỉ giao hàng mà có thể phát sinh thêm chi phí khác như phí vận chuyển, phụ phí hàng cồng kềnh, thuế nhập khẩu (đối với đơn hàng giao từ nước ngoài có giá trị trên 1 triệu đồng).....','Con Đường Khởi Nghiệp','con-duong-khoi-nghiep.png',125000,50,0,11,1,'Hồng Đức',0,0,'2021-07-21 00:00:00.000000'),(68,'Trong cuốn Chiếc Lexus Và Cây Ô Liu, Thomas L. Friedman, người từng đoạt giải Pulitzer, bình luận viên quan hệ quốc tế của The New York Times, đưa ra một cái nhìn xuyên suốt về hệ thống quốc tế mới đang làm biến đổi tình hình thế giới ngày nay. Toàn cầu hóa đã thay thế Chiến tranh Lạnh, mang lại sự hội nhập về tư bản, công nghệ và thông tin xuyên qua biên giới quốc gia - hội tụ nông dân Brazil, giới doanh nhân Indonesia, dân làng Trung Quốc và kỹ thuật viên ở Thung lũng Silicon vào một ngôi làng toàn cầu chung. Bạn không thể hiểu bản tin buổi sáng, biết nơi nào để đầu tư hay tiên liệu về tương lai nếu bạn không hiểu thấu đáo hệ thống mới này - đang ảnh hưởng sâu sắc đến hầu như mọi quốc gia trên thế giới ngày nay. Friedman giải thích cho bạn nền kinh tế điện tử toàn cầu này là gì và cần làm gì để con người có thể tồn tại trong đó.','Chiếc Lexus & Cây Ôliu','chiec-lexus-va-cay-oliu.png',197700,50,0,7,1,'Thế Giới',0,0,'2021-07-21 00:00:00.000000'),(69,'Tất cả chúng ta đều cảm nhận được một điều gì đó to lớn đang diễn ra. Bạn cảm nhận được nó ở nơi làm việc. Bạn cảm nhận được nó khi nói chuyện với con cái. Bạn không thể không thấy nó khi đọc báo hay xem tin tức. Cuộc sống của chúng ta đang tăng tốc - và đó là sự tăng tốc chóng mặt.\r\n\r\nTrong Cảm ơn vì đến trễ, một tác phẩm không giống bất kỳ tác phẩm nào ông từng viết trước đây, Thomas L. Friedman phơi bày những sự chuyển động mang tính kiến tạo đang tái định hình thế giới ngày nay và giải thích cách để tận dụng tối đa lợi ích từ chúng.\r\n\r\nLuận đề của Friedman là: để hiểu được thế kỷ 21, bạn cần phải hiểu 3 lực lượng lớn nhất của hành tinh này - Định luật Moore (công nghệ), Thị trường (toàn cầu hóa), và Thiên nhiên (biến đổi khí hậu và mất đa dạng sinh học) - đang tăng tốc cùng lúc, làm thay đổi nơi làm việc, chính trị, địa chính trị, đạo đức và cộng đồng. Một sự giải phóng năng lượng phi thường đang tái định hình mọi thứ: từ cách chúng ta gọi taxi đến số mệnh của các quốc gia, và đến những mối quan hệ thân thiết nhất của chúng ta. Nó đang tạo ra những cơ hội to lớn và mới mẻ cho các cá nhân và những nhóm nhỏ để cứu - hoặc cũng có thể là phá hủy - thế giới.','Cảm Ơn Vì Đến Trễ','cam-on-vi-da-den-tre.png',179500,50,0,7,1,'Thế Giới',0,0,'2021-07-21 00:00:00.000000'),(70,'The beginning of the twenty-first century will be remembered, Friedman argues, not for military conflicts or political events, but for a whole new age of globalization - a `flattening\' of the world. The explosion of advanced technologies now means that suddenly knowledge pools and resources have connected all over the planet, levelling the playing field as never before, so that each of us is potentially an equal - and competitor - of the other.\r\n\r\nThe rules of the game have changed forever - but does this `death of distance\', which requires us all to run faster in order to stay in the same place, mean the world has got too small and too flat too fast for us to adjust? Friedman brilliantly demystifies the exciting, often bewildering, global scene unfolding before our eyes, one which we sense but barely yet understand. The World is Flat is the most timely and essential update on globalization, its successes and its discontents, powerfully illuminated by a world-class writer.','The World Is Flat','the-world-is-flat.png',264000,50,0,7,1,'Thế Giới',0,0,'2021-07-21 00:00:00.000000'),(71,'Nghe nói đọc viết là 4 kĩ năng quan trọng để có thể học và sử dụng tốt tiếng Anh - ngôn ngữ toàn cầu. Tuy nhiên không phải ai cũng có thể thành thạo những kĩ năng này. Nghe hiểu là một trong những kĩ năng đòi hỏi sự tập trung và rèn luyện của người học.\r\n\r\nLuyện nghe từ vựng tiếng Anh theo chủ điểm sẽ cung cấp những bài tập với trình độ nâng cao, là tài liệu bổ ích cho những ai muốn nâng cao khả năng nghe hiểu thông qua học từ vựng.\r\n\r\nGiá sản phẩm trên Tiki đã bao gồm thuế theo luật hiện hành. Bên cạnh đó, tuỳ vào loại sản phẩm, hình thức và địa chỉ giao hàng mà có thể phát sinh thêm chi phí khác như phí vận chuyển, phụ phí hàng cồng kềnh, thuế nhập khẩu (đối với đơn hàng giao từ nước ngoài có giá trị trên 1 triệu đồng).....','Tự Học 2000 Từ Vựng Tiếng Anh Theo Chủ Đề','tu-hoc-2000-tu-vung-tieng-anh.png',46400,50,0,39,3,'Thế Giới',0,0,'2021-07-21 00:00:00.000000'),(72,'Tự Học Đàm Thoại Tiếng Anh Cấp Tốc được biên soạn nhằm hỗ trợ các bạn trau dồi thêm vốn tiếng Anh trong sinh hoạt hàng ngày khi các bạn sinh sống tại nước ngoài. Nội dung sách luôn chú trọng áp dụng hai phương pháp phiên âm quốc tế và Việt hóa nhằm giúp các bạn trong quá trình học được dễ dàng và không mất nhiều thời gian tra từ điển.\r\n\r\nSách gồm 9 bài nghe. Mỗi đơn vị bài học được cấu trúc gồm các phần sau:\r\n\r\n- Từ vựng / Các mẫu câu thông dụng\r\n\r\n- Hội thoại\r\n\r\nGiá sản phẩm trên Tiki đã bao gồm thuế theo luật hiện hành. Bên cạnh đó, tuỳ vào loại sản phẩm, hình thức và địa chỉ giao hàng mà có thể phát sinh thêm chi phí khác như phí vận chuyển, phụ phí hàng cồng kềnh, thuế nhập khẩu (đối với đơn hàng giao từ nước ngoài có giá trị trên 1 triệu đồng).....','Tự Học Đàm Thoại Tiếng Anh Cấp Tốc','tu-hoc-dam-thoai-tieng-anh.png',55250,50,0,39,3,'Hồng Đức',0,0,'2021-07-21 00:00:00.000000'),(73,'Thưa quý vị độc giả! Quý vị đã có một lựa chọn đúng đắn, vì quý vị đang cầm trên tay một công cụ hữu ích để tra cứu, để tìm hiểu và học hỏi ngôn ngữ Anh, văn hóa Anh, văn học Anh. Đây là cuốn từ điển được biên dịch dựa theo cuốn từ điển Oxford là một công trình liên tục được đổi mới và công bố bởi một nhà xuất bản uy tín trên thế giới với nhiều ấn phẩm khác nhau đã có mặt tại Việt Nam, trợ giúp cho các nhà nghiên cứu, các giảng viên và đặc biệt là sinh viên Việt Nam nhiều thập kỷ qua. Lần xuất bản này cũng dành sự chú ý lớn tới đối tượng sinh viên và người học tiếng Anh, thể hiện ở những mục từ mới mẻ, cập nhật, những lời giải thích ngắn gọn mà rõ ràng, kèm với những ví dụ cụ thể mà sinh động, những mẫu câu, kết cấu phổ dụng mà đa dạng của mỗi mục từ nhằm giúp người đọc biết cách sử dụng từ ngữ chính xác, phù hợp. Đây là một điều rất quan trọng đối với người học tiếng Anh. Theo chúng tôi quan sát, khá nhiều sinh viên chỉ sử dụng loại từ điển “bỏ túi”. Dĩ nhiên, loại từ điển ấy có lợi thế là gọn nhẹ và tiện dụng, nhưng nếu muốn tìm hiểu sâu về từ ngữ thì những từ điển ấy không đáp ứng được, vì trong đó chỉ một vài nghĩa cơ bản nhất của mục từ được dịch sang tiếng Việt mà không gắn với ngữ cảnh, hoặc thông tin cú pháp cũng như ngữ dụng của mục từ không được cung cấp một cách đầy đủ. Do vậy, cho dù người học có hiểu nghĩa cũng khó có thể biết cách sử dụng từ cho đúng, trong khi mục tiêu cao nhất của việc dạy-học ngoại ngữ là làm sao cho người học sử dụng được ngôn ngữ đích. Việc thể hiện mục tiêu đó trong từng mục từ của cuốn từ điển này là điểm đặc biệt nổi bật của công trình so với nhiều ấn phẩm cùng loại khác. Tham gia tu chỉnh, hiệu đính phiên bản Anh-Anh-Việt của cuốn từ điển này là nhiều giảng viên của Khoa Tiếng Anh, Trường Đại học Ngoại ngữ thuộc Đại học Quốc gia Hà Nội. Khi thực hiện công việc này, quan điểm của chúng tôi đối với phần giải thích và chuyển dịch tiếng Việt ở mỗi mục từ là kiểm tra lại để đảm bảo chúng chính xác, sát nghĩa, trung thành với nguyên bản tiếng Anh mà không “Việt hóa” theo phép tắc, văn phong hoặc cách nói thông thường trong tiếng Việt. Nói cách khác, chúng tôi cố gắng tu chỉnh để đảm bảo phần tiếng Việt của người dịch được tín và đạt tới mức cao nhất, nhưng không chủ đích làm cho chúng thật nhã.','Từ Điển Anh - Anh - Việt','tu-dien-anh-anh-viet.png',193500,50,0,39,3,'Hồng Đức',0,0,'2021-07-21 00:00:00.000000'),(74,'Giới Thiệu Cuốn Sách 3500 Từ Vựng TOEIC Siêu Đẳng\r\nNhiều bạn thường biện minh cho việc học kém tiếng Anh của mình là do họ có trí nhớ kém. Và hậu quả chắc chắn là việc có trí nhớ kém trở thành lý do mà họ dùng để biện hộ cho thất bại.\r\nCứ như thế, họ sẽ luôn luôn nhận lãnh những kết quả kém. Nhưng nếu như chúng ta biết học cách sở hữu những kỹ thuật tận dụng được trí nhớ của mình thì việc học của bạn hoàn toàn có thể thay đổi được và bạn cũng có thể có trí nhớ siêu đẳng.\r\nĐiều đầu tiên bạn nên hiểu là không hề tồn tại trí nhớ tốt hay trí nhớ kém, mà chỉ tồn tại trí nhớ được rèn luyện và trí nhớ không được rèn luyện. Theo chuyên gia về trí nhở Harry Lorayne, những người có khả năng nhớ thông tin phi thường không hề có bộ não khác biệt với chúng ta. Thay vào đó, họ sở hữu những kỹ thuật tận dụng được trí nhớ của họ. Bởi thế, xin nhớ rằng trí nhớ không phải là một năng khiếu. Mỗi người trong chúng ta đều sở hữu một trí nhớ phi thường tự nhiên mà chúng ta chỉ cần học cách tận dụng nó.\r\nCuốn sách “3500 từ vựng TOEIC siêu đẳng” được biên soạn với mục tiêu giúp bạn học từ vựng tiếng Anh hiệu quả nhất cho những người muốn tăng cường khả năng ghi nhớ tối ưu tiềm năng của não bộ, sau đó sử dụng đúng và nhạy bén những gì mình nhớ để áp dụng vào giao tiếp thực tế.','3500 Từ Vựng Toeic','3500-tu-vung-toeic.png',95360,50,0,39,3,'Hồng Đức',0,0,'2021-07-21 00:00:00.000000'),(75,'Công Giáo Và Đức Ki Tô cốt yếu dành cho những bạn ở ngoài Công giáo, muốn có kiến thức về Công giáo, một tôn giáo từ Israel được truyền sang phương Tây và truyền vào Việt Nam đã được gần 500 năm rồi.','Công Giáo Và Đức KiTô','cong-giao-va-duc-ki-to.png',256000,50,0,40,24,'Tôn Giáo',0,0,'2021-07-21 00:00:00.000000'),(76,'Sách Đông phương Triết học cương yếu của tác giả Lý Minh Tuấn trình bày những vấn đề cơ bản và đầy đủ nhất của hệ thống triết học Phương Đông cổ như: Nho, Phật, Lão, Ấn, Dịch kinh. Với cách trình bày sáng sủa và ngôn ngữ cô đọng, sách giúp người đọc dễ dàng tiếp cận những khái niệm trừu tượng, phức tạp của triết học phương Đông cổ, bổ sung vào kho tàng sách nghiên cứu và tìm hiểu triết Đông của đông đảo độc giả.\r\n\r\nGiá sản phẩm trên Tiki đã bao gồm thuế theo luật hiện hành. Bên cạnh đó, tuỳ vào loại sản phẩm, hình thức và địa chỉ giao hàng mà có thể phát sinh thêm chi phí khác như phí vận chuyển, phụ phí hàng cồng kềnh, thuế nhập khẩu (đối với đơn hàng giao từ nước ngoài có giá trị trên 1 triệu đồng).....','Đông Phương Triết Học Cương Yếu','dong-phuong-triet-hoc-cuong-yeu.png',204000,50,0,40,24,'Tôn Giáo',0,0,'2021-07-21 00:00:00.000000'),(77,'Vào cửa Triết Đông của tác giả Lý Minh Tuấn là tác phẩm cung cấp đến những độc giả mến mộ triết Đông một căn bản vững vàng, giúp trang bị những hành trang đầu tiên để độc giả có thể đi sâu hơn vào khu rừng triết Đông mênh mông đầy bí hiểm nhưng cũng đầy hương thơm minh triết.\r\n\r\nGiá sản phẩm trên Tiki đã bao gồm thuế theo luật hiện hành. Bên cạnh đó, tuỳ vào loại sản phẩm, hình thức và địa chỉ giao hàng mà có thể phát sinh thêm chi phí khác như phí vận chuyển, phụ phí hàng cồng kềnh, thuế nhập khẩu (đối với đơn hàng giao từ nước ngoài có giá trị trên 1 triệu đồng).....','Vào Cửa Triết Đông','vao-cua-triet-dong.png',142500,50,0,40,24,'Tôn Giáo',0,0,'2021-07-21 00:00:00.000000'),(78,'Đây là bộ sách đồ sộ lần đầu tiên được biên soạn bao gồm đủ bốn quyển sách lớn của nền văn học cổ Trung Hoa: Luận ngữ, Mạnh tử, Đại học và Trung dung. Soạn giả không chỉ làm công việc chuyển dịch, mà đặc biệt còn vận dụng những kiến thức chuyên môn của nhiều năm giảng dạy để phân tích và nêu bật từng vấn đề, trong mối quan hệ với xã hội hiện đại.\r\n\r\nTứ thư bình giải sẽ giới thiệu đến người đọc toàn bộ những gì tinh hoa và tiêu biểu nhất của 4 quyển sách quý, vốn đã từng được xem là nền tảng của hệ thống giáo dục Trung Hoa qua nhiều ngàn năm nay.','Tứ Thư Bình Giải','tu-thu-binh-giai.png',595000,50,0,40,24,'Tôn Giáo',0,0,'2021-07-21 00:00:00.000000'),(79,'“LINH ỨNG” - Hành trình từ kẻ siêu vô thần đến thế giới tâm linh\r\n\r\n“Linh ứng” là cuốn sách kể câu chuyện có thật về hành trình của gia đình nhà văn Nguyễn Mạnh Tuấn đi tìm hài cốt liệt sĩ Nguyễn Minh Khôi - người anh trai đã hy sinh trong cuộc chiến tranh khốc liệt, với những câu chuyện ly kỳ, bí ẩn đến mức nếu không được kể lại bởi người trong cuộc, hẳn chúng ta sẽ thấy hoài nghi.\r\n\r\nTheo tác giả, đây là cuốn sách tâm huyết nhất và cũng có thể là cuốn sách sau cùng trong sự nghiệp văn chương của ông, một câu chuyện riêng tư nhưng lại bao hàm biết bao câu chuyện chung khác. Đồng thời tác phẩm cũng cung cấp những tư liệu quý giá về những nhà ngoại cảm sở hữu năng lực nằm ngoài phạm vi lý giải của khoa học.','Linh Ứng','linh-ung.png',195640,50,0,41,24,'Dân Trí',0,0,'2021-07-21 00:00:00.000000'),(80,'Nàng ngấm sâu vào đời hắn bằng sự xuất hiện rất ngẫu nhiên, đã đánh thức trong hắn những nhận biết, những điều trước đây hắn tưởng không có trong phần hồn của người hắn, và chỉ từ mé phần hồn đó trỗi dậy cồn cào náo nức, hắn mới có nỗi khao khát làm một con người ra con người. \r\n\r\nNhư đứa trẻ bắt đầu chập chững tập đi, bắt đầu bi bô tập nói, hắn si mê háo hức muốn khám phá phía trước của một đời bay nhảy, một đời hát cười. Giữa lúc hắn đang say sưa xen lẫn ngỡ ngàng tin tưởng chuyện đang trong cõi thực thì nàng biến mất, không để lại dấu vết gì.','Phần Hồn','phan-hon.png',132000,50,0,41,24,'Dân Trí',0,0,'2021-07-21 00:00:00.000000'),(81,'<p>Sống l&agrave; chuyển h&oacute;a kh&ocirc;ng ngừng, tất cả mọi vật nương v&agrave;o nhau để tồn tại. Th&acirc;n t&acirc;m an tr&uacute; trong ch&aacute;nh niệm th&igrave; khi đốt một l&ograve; trầm, t&acirc;m ta cũng thanh tịnh. Chấp nhận cuộc đời l&agrave; chấp nhận cả sinh lẫn diệt, cả c&ograve;n lẫn mất, cả vui lẫn buồn. V&igrave; c&oacute; sự sống l&agrave; c&oacute; chết ch&oacute;c&hellip; c&oacute; sum họp th&igrave; c&oacute; chia l&igrave;a, c&oacute; được th&igrave; sẽ mất đi&hellip; Đức Phật dạy rằng: \"Cứu chữa cho t&acirc;m quan trọng hơn l&agrave; cho th&acirc;n, v&igrave; đ&oacute; l&agrave; nguy&ecirc;n nh&acirc;n g&acirc;y ra bao điều tội lỗi. Người c&oacute; t&acirc;m từ bi rộng lớn v&agrave; h&agrave;nh vi thiện l&agrave;nh, t&acirc;m sẽ &iacute;t bị vẩn đục bởi phiền n&atilde;o tham, s&acirc;n, si chi phối. Nếu ch&uacute;ng ta mỗi ng&agrave;y tỉnh gi&aacute;c từng &yacute; nghĩ, lời n&oacute;i v&agrave; h&agrave;nh động của m&igrave;nh, th&igrave; ta sẽ biết c&aacute;ch l&agrave;m chủ bản th&acirc;n để ng&agrave;y c&agrave;ng ho&agrave;n thiện ch&iacute;nh m&igrave;nh hơn về mọi mặt.\"</p>','Từng Bước Nở Hoa Sen','tung-buoc-no-hoa-sen.png',45000,50,0,42,24,'Tôn Giáo',0,0,'2021-07-21 00:00:00.000000'),(82,'<p>Nhiều người trong ch&uacute;ng ta tin rằng cuộc đời của ta bắt đầu từ l&uacute;c ch&agrave;o đời v&agrave; kết th&uacute;c khi ta chết. Ch&uacute;ng ta tin rằng ch&uacute;ng ta tới từ c&aacute;i Kh&ocirc;ng, n&ecirc;n khi chết ch&uacute;ng ta cũng kh&ocirc;ng c&ograve;n lại g&igrave; hết. V&agrave; ch&uacute;ng ta lo lắng v&igrave; sẽ trở th&agrave;nh hư v&ocirc;. Bụt c&oacute; c&aacute;i hiểu rất kh&aacute;c về cuộc đời. Ng&agrave;i hiểu rằng sống v&agrave; chết chỉ l&agrave; những &yacute; niệm kh&ocirc;ng c&oacute; thực. Coi đ&oacute; l&agrave; sự thực, ch&iacute;nh l&agrave; nguy&ecirc;n do g&acirc;y cho ch&uacute;ng ta khổ n&atilde;o. Bụt dạy kh&ocirc;ng c&oacute; sinh, kh&ocirc;ng c&oacute; diệt, kh&ocirc;ng tới cũng kh&ocirc;ng đi, kh&ocirc;ng giống nhau cũng kh&ocirc;ng kh&aacute;c nhau, kh&ocirc;ng c&oacute; c&aacute;i ng&atilde; thường hằng cũng kh&ocirc;ng c&oacute; hư v&ocirc;. Ch&uacute;ng ta th&igrave; coi l&agrave; C&oacute; hết mọi thứ. Khi ch&uacute;ng ta hiểu rằng m&igrave;nh kh&ocirc;ng bị hủy diệt th&igrave; ch&uacute;ng ta kh&ocirc;ng c&ograve;n lo sợ. Đ&oacute; l&agrave; sự giải tho&aacute;t. Ch&uacute;ng ta c&oacute; thể an hưởng v&agrave; thưởng thức đời sống một c&aacute;ch mới mẻ.</p>','Không Diệt Không Sinh Đừng Sợ Hãi','khong-diet-khong-sinh-dung-so-hai.png',54000,50,0,42,24,'Tôn Giáo',0,0,'2021-07-21 00:00:00.000000'),(83,'<p>T&agrave;i liệu n&agrave;y g&oacute;p phần đ&agrave;o tạo b&aacute;c sĩ đa khoa v&agrave; c&aacute;c thầy thuốc, lương y, y sĩ, điều dưỡng, dược sĩ c&ocirc;ng t&aacute;c tại khoa Y học cổ truyền của c&aacute;c bệnh viện v&agrave; tuyết y tế cơ sở. Mục đ&iacute;ch của những b&agrave;i giảng n&agrave;y: L&agrave;m cho sinh vi&ecirc;n hiểu v&agrave; tr&acirc;n trọng bản sắc văn ho&aacute; d&acirc;n tộc trong Y học cổ truyền để từ đ&oacute; y&ecirc;u th&iacute;ch m&ocirc;n học v&agrave; t&iacute;ch cực t&igrave;m hiểu, nghi&ecirc;n cứu Y học cổ truyền. Trang bị cho sinh vi&ecirc;n phương ph&aacute;p luận v&agrave; những kiến thức cơ bản của Y học cổ truyền để bổ sung th&ecirc;m v&agrave;o sở học hiện đại của m&igrave;nh. Trang bị cho sinh vi&ecirc;n c&aacute;c phương ph&aacute;p chẩn đo&aacute;n v&agrave; điều trị một số vấn đề sức khoẻ th&ocirc;ng thường. N&acirc;ng cao nhận thức về tầm quan trọng của việc ph&ograve;ng trị bệnh, trị bệnh v&agrave; bồi thường sức khoẻ bằng Y học cổ truyền; t&iacute;ch cực trong c&ocirc;ng t&aacute;c chăm s&oacute;c sức khoẻ cho c&aacute; nh&acirc;n v&agrave; cộng đồng bằng việc phối hợp phương ph&aacute;p Y học cổ truyền v&agrave; Y học hiện đại. Đ&acirc;y chỉ l&agrave; những kiến thức Y học cổ truyền cơ bản, những thầy thuốc bước qua ngưỡng cửa n&agrave;y c&oacute; thể tự học, t&igrave;m hiểu, nghi&ecirc;n cứu v&agrave; từ đ&oacute; &agrave;p dụng s&acirc;u rộng hơn.</p>','Y Học Cổ Truyền','y-hoc-co-truyen.png',83000,50,0,43,25,'Tổng Hợp',0,0,'2021-07-21 00:00:00.000000'),(84,'<p>Gi&aacute; sản phẩm tr&ecirc;n Tiki đ&atilde; bao gồm thuế theo luật hiện h&agrave;nh. B&ecirc;n cạnh đ&oacute;, tuỳ v&agrave;o loại sản phẩm, h&igrave;nh thức v&agrave; địa chỉ giao h&agrave;ng m&agrave; c&oacute; thể ph&aacute;t sinh th&ecirc;m chi ph&iacute; kh&aacute;c như ph&iacute; vận chuyển, phụ ph&iacute; h&agrave;ng cồng kềnh, thuế nhập khẩu (đối với đơn h&agrave;ng giao từ nước ngo&agrave;i c&oacute; gi&aacute; trị tr&ecirc;n 1 triệu đồng).....</p>','Dưỡng Sinh','duong-sinh.png',53900,50,0,43,25,'Tổng Hợp',0,0,'2021-07-21 00:00:00.000000'),(85,'<p>Những phương ph&aacute;p ph&ograve;ng - trị bệnh đơn giản m&agrave; hiệu quả như ch&acirc;m cứu, dưỡng sinh &hellip; v&agrave; đặc biệt l&agrave; xoa b&oacute;p, bấm huyệt ng&agrave;y c&agrave;ng trở th&agrave;nh phương ph&aacute;p chăm s&oacute;c sức khỏe được ưu ti&ecirc;n lựa chọn của nhiều người. Xoa b&oacute;p k&iacute;ch th&iacute;ch sự t&aacute;i tạo, hồi phục, điều chỉnh tự th&acirc;n của mỗi người nhằm hạn chế c&aacute;c can thiệp x&acirc;m lấn, giảm thiểu tối đa c&aacute;c tai biến v&agrave; t&aacute;c dụng phụ kh&ocirc;ng mong muốn ch&iacute;nh l&agrave; hướng đến xu hướng \"điều trị tự nhi&ecirc;n\" của thời đại. S&aacute;ch Xoa b&oacute;p tr&igrave;nh b&agrave;y những nội dung cốt l&otilde;i của xoa b&oacute;p v&agrave; minh họa c&aacute;c thủ thuật thực h&agrave;nh bằng h&igrave;nh ảnh cụ thể nhằm cung cấp cho bạn đọc những kiến thức v&agrave; kỹ năng cơ bản cũng như t&acirc;m l&yacute;, th&aacute;i độ ph&ugrave; hợp khi thực hiện phương ph&aacute;p chăm s&oacute;c sức khỏe băng xoa b&oacute;p cho băn th&acirc;n v&agrave; cộng đồng.</p>','Xoa Bóp','xoa-bop.png',56000,50,0,4,25,'Tổng Hợp',0,0,'2021-07-21 00:00:00.000000'),(86,'<p>T&agrave;i liệu n&agrave;y g&oacute;p phần đ&agrave;o tạo b&aacute;c sĩ đa khoa v&agrave; c&aacute;c thầy thuốc, lương y, y sĩ, điều dưỡng, dược sĩ c&ocirc;ng t&aacute;c tại khoa Y học cổ truyền của c&aacute;c bệnh viện v&agrave; tuyết y tế cơ sở. Mục đ&iacute;ch của những b&agrave;i giảng n&agrave;y: L&agrave;m cho sinh vi&ecirc;n hiểu v&agrave; tr&acirc;n trọng bản sắc văn ho&aacute; d&acirc;n tộc trong Y học cổ truyền để từ đ&oacute; y&ecirc;u th&iacute;ch m&ocirc;n học v&agrave; t&iacute;ch cực t&igrave;m hiểu, nghi&ecirc;n cứu Y học cổ truyền. Trang bị cho sinh vi&ecirc;n phương ph&aacute;p luận v&agrave; những kiến thức cơ bản của Y học cổ truyền để bổ sung th&ecirc;m v&agrave;o sở học hiện đại của m&igrave;nh. Trang bị cho sinh vi&ecirc;n c&aacute;c phương ph&aacute;p chẩn đo&aacute;n v&agrave; điều trị một số vấn đề sức khoẻ th&ocirc;ng thường.</p>','Xoa Bóp 2','xoa-bop-1.png',46750,50,0,43,25,'Tổng Hợp',0,0,'2021-07-21 00:00:00.000000'),(87,'<p>S&aacute;ch tổng hợp c&aacute;c h&igrave;nh biểu đồ của s&oacute;ng mạch , tr&igrave;nh b&agrave;y chi tiết , mạch lạc v&agrave; những b&agrave;n luận của c&aacute;c danh gia cũng như biểu đồ m&ocirc; tả h&igrave;nh tượng mạch học sống động bằng nhiều thiết bị khoa học kỹ thuật hiện đại gi&uacute;p người đọc h&igrave;nh dung dễ d&agrave;ng h&igrave;nh tượng mạch , Gi&aacute; sản phẩm tr&ecirc;n Tiki đ&atilde; bao gồm thuế theo luật hiện h&agrave;nh. B&ecirc;n cạnh đ&oacute;, tuỳ v&agrave;o loại sản phẩm, h&igrave;nh thức v&agrave; địa chỉ giao h&agrave;ng m&agrave; c&oacute; thể ph&aacute;t sinh th&ecirc;m chi ph&iacute; kh&aacute;c như ph&iacute; vận chuyển, phụ ph&iacute; h&agrave;ng cồng kềnh, thuế nhập khẩu (đối với đơn h&agrave;ng giao từ nước ngo&agrave;i c&oacute; gi&aacute; trị tr&ecirc;n 1 triệu đồng).....</p>','Mạch Học Giảng Nghĩa','mach-hoc-giang-nghia.png',204000,50,0,46,25,'Dân Trí',0,0,'2021-07-21 00:00:00.000000'),(88,'<p>Chỉ với hơn 100 vị thuốc , nhưng biết c&aacute;ch phối hợp , gia giảm , c&aacute;c thầy thuốc đ&ocirc;ng y đ&atilde; s&aacute;ng tạo rất nhiều phương thang kinh điển , cứu biết bao nhi&ecirc;u mạng sống . Để l&agrave;m được việc n&agrave;y cần phải nắm vững từng vị thuốc , từ c&aacute;ch b&agrave;o chế , phối ngũ với c&aacute;c vị thuốc kh&aacute; để kh&eacute;o l&eacute;o k&ecirc; được một toa thuốc c&oacute; hiệu quả cao trong l&uacute;c điều trị . Đ&acirc;y kh&ocirc;n phải việc dễ d&agrave;ng ch&uacute;t n&agrave;o . Gi&aacute; sản phẩm tr&ecirc;n Tiki đ&atilde; bao gồm thuế theo luật hiện h&agrave;nh. B&ecirc;n cạnh đ&oacute;, tuỳ v&agrave;o loại sản phẩm, h&igrave;nh thức v&agrave; địa chỉ giao h&agrave;ng m&agrave; c&oacute; thể ph&aacute;t sinh th&ecirc;m chi ph&iacute; kh&aacute;c như ph&iacute; vận chuyển, phụ ph&iacute; h&agrave;ng cồng kềnh, thuế nhập khẩu (đối với đơn h&agrave;ng giao từ nước ngo&agrave;i c&oacute; gi&aacute; trị tr&ecirc;n 1 triệu đồng).....</p>','Đông Dược Học','dong-duoc-hoc.png',292000,50,0,46,25,'Dân Trí',0,0,'2021-07-21 00:00:00.000000'),(89,'<p>Lời n&oacute;i đầu LỜI N&Oacute;I ĐẦU Vọng ( xem ) , văn ( nghe ) , vấn ( hỏi ) , thiết ( sở , xem mạch ) l&agrave; 4 phương ph&aacute;p chẩn đo&aacute;n cơ bản của Đ&ocirc;ng y. Vọng chẩn l&agrave; phương ph&aacute;p thầy thuốc vận dụng thị gi&aacute;c , quan s&aacute;t t&igrave;nh h&igrave;nh to&agrave;n th&acirc;n v&agrave; cục bộ của bệnh nh&acirc;n . Văn chẩn l&agrave; nghe sự thay đổi &acirc;m thanh của bệnh nh&acirc;n v&agrave; ngửi m&ugrave;i của bệnh nh&acirc;n . Vấn chẩn l&agrave; hỏi bệnh nh&acirc;n hoặc người nh&agrave; về qu&aacute; tr&igrave;nh ph&aacute;t sinh , ph&aacute;t triển bệnh tật , triệu chứng hiện tại v&agrave; t&igrave;nh h&igrave;nh kh&aacute;c c&oacute; li&ecirc;n quan đến bệnh tật .</p>','Trung Y Vọng Chuẩn','trung-y-vong-chuan.png',224000,50,0,46,25,'Dân Trí',0,0,'2021-07-21 00:00:00.000000'),(90,'<p>Bản thảo tử si&ecirc;u y thoại\" gồm 7 cuốn viết tr&ecirc;n vở học sinh, bắt đầu viết năm 1962 v&agrave; kết th&uacute;c năm 1964, tr&igrave;nh b&agrave;y 204 điều theo thể t&agrave;i t&ugrave;y b&uacute;t, dưa v&agrave;o sự học tập v&agrave; kinh nghiệm, nhũng t&acirc;m đắc trong qu&aacute; tr&igrave;nh kh&aacute;m chữa bệnh v&agrave; nghi&ecirc;n cứu, thu hoạch được kinh nghiệm của c&aacute;c bậc danh y tiền bối. kết hợp với b&igrave;nh luận, nhận x&eacute;t xoay quanh y dược học. Để c&oacute; bản in tương đối đạt y&ecirc;u cầu m&agrave; qu&yacute; bạn đang cầm trong tay, ch&uacute;ng t&ocirc;i c&oacute; đề nghị lương y nguyễn Thi&ecirc;n Quyến, thứ nam của lương y Nguyễn Tử Si&ecirc;u - Chủ tịch Hội Y học d&acirc;n tộc H&agrave; Nội sắp xếp th&agrave;nh chuy&ecirc;n mục để gi&uacute;p ban tham khảo được thuận tiện, một số địa danh viết trong bản thảo, ch&uacute;ng t&ocirc;i c&ugrave;ng đối lại cho ph&ugrave; hợp với người đọc hiện nay. Một số c&acirc;u t&aacute;c giả viết bằng chữ H&aacute;n v&agrave; những c&acirc;u thơ cố dẫn ra trong t&aacute;c phẩm, cũng được lương y Nguyễn Thi&ecirc;n Quyến chuyển ra &acirc;m H&aacute;n Việt để tiện in ấn.</p>','Tử Siêu Y Thoại','tu-sieu-y-thoai.png',103000,50,0,47,25,'Dân Trí',0,90000,'2021-07-21 00:00:00.000000'),(91,'<p>Ch&iacute; Ph&egrave;o l&agrave; một truyện ngắn nổi tiếng của nh&agrave; văn Nam Cao viết v&agrave;o th&aacute;ng 2 năm 1941. Ch&iacute; Ph&egrave;o l&agrave; một t&aacute;c phẩm xuất sắc, thể hiện nghệ thuật viết truyện độc đ&aacute;o của Nam Cao, đồng thời l&agrave; một tấn bi kịch của một người n&ocirc;ng d&acirc;n ngh&egrave;o bị tha h&oacute;a trong x&atilde; hội. Hiện nay, truyện đ&atilde; được đưa v&agrave;o s&aacute;ch gi&aacute;o khoa Ngữ Văn 11, tập 1. Ch&iacute; Ph&egrave;o cũng l&agrave; t&ecirc;n nh&acirc;n vật ch&iacute;nh của truyện. Truyện ngắn Ch&iacute; Ph&egrave;o, nguy&ecirc;n c&oacute; t&ecirc;n l&agrave; C&aacute;i l&ograve; gạch cũ; khi in th&agrave;nh s&aacute;ch lần đầu năm 1941, Nh&agrave; Xuất bản Đời mới - H&agrave; Nội tự &yacute; đổi t&ecirc;n l&agrave; Đ&ocirc;i lứa xứng đ&ocirc;i. Đến khi in lại trong Tập Luống c&agrave;y (do Hội Văn h&oacute;a cứu quốc xuất bản, H&agrave; Nội, 1946), Nam Cao đặt lại t&ecirc;n l&agrave; Ch&iacute; Ph&egrave;o.</p>','Chí Phèo','chi-pheo.png',35000,50,0,5,2,'Kim Đồng',0,30000,'2021-07-21 00:00:00.000000'),(93,'<p>Những năm gần đ&acirc;y,&nbsp;<strong>Trần Đăng Khoa&nbsp;</strong>cho ra đời một loạt tập văn xu&ocirc;i, bao gồm đủ c&aacute;c thể loại: tiểu thuyết, b&igrave;nh luận văn chương, truyện ngắn, b&uacute;t k&yacute;, ghi ch&eacute;p, tản văn&hellip; Hầu hết c&aacute;c tập văn xu&ocirc;i của anh đều được độc giả rộng r&atilde;i đ&oacute;n nhận nồng nhiệt. C&oacute; tập trong một năm được in đi in lại nhiều lần. Tuy vậy, bạn đọc vẫn kh&ocirc;ng qu&ecirc;n một Trần Đăng Khoa nh&agrave; thơ, m&agrave; t&ecirc;n tuổi đ&atilde; trở n&ecirc;n quen thuộc với đ&ocirc;ng đảo bạn đọc từ khi anh mới c&oacute; 8 tuổi (1966). H&agrave;ng năm c&aacute;c tuyển thơ của Trần Đăng Khoa vẫn được in lại ở nhiều nh&agrave; xuất bản kh&aacute;c nhau. Năm 2001 anh đ&atilde; được Chủ tịch Nước trao tặng Giải thưởng Nh&agrave; Nước đợt I về Văn học Nghệ thuật cho ba tập thơ: G&oacute;c s&acirc;n v&agrave; khoảng trời, B&ecirc;n cửa sổ m&aacute;y bay, Tuyển thơ Trần Đăng Khoa (1966 - 2000).</p>','Trần Đăng Khoa - Tuyển Thơ','tuyen-tho-tran-dang-khoa.png',125000,50,0,50,2,'Huy Hoàng',0,100000,'2021-07-21 00:00:00.000000'),(95,'<p>Cuốn s&aacute;ch n&agrave;y l&agrave; t&agrave;i liệu hướng dẫn cơ bản v&agrave; hệ thống, bao qu&aacute;t hầu như mọi vấn đề về lập tr&igrave;nh bằng tay, bao gồm hệ thống điều khiển, quy hoạch lập tr&igrave;nh, cấu tr&uacute;c chương tr&igrave;nh, c&aacute;c h&agrave;m v&agrave; c&aacute;c lệnh (m&atilde; G, m&atilde; M...), c&aacute;c chu kỳ gia c&ocirc;ng, c&aacute;c chế độ b&ugrave;, chương tr&igrave;nh con... v&agrave; c&aacute;c v&iacute; dụ lập tr&igrave;nh cụ thể.</p>\r\n<p>Gi&aacute; sản phẩm tr&ecirc;n Tiki đ&atilde; bao gồm thuế theo luật hiện h&agrave;nh. B&ecirc;n cạnh đ&oacute;, tuỳ v&agrave;o loại sản phẩm, h&igrave;nh thức v&agrave; địa chỉ giao h&agrave;ng m&agrave; c&oacute; thể ph&aacute;t sinh th&ecirc;m chi ph&iacute; kh&aacute;c như ph&iacute; vận chuyển, phụ ph&iacute; h&agrave;ng cồng kềnh, thuế nhập khẩu (đối với đơn h&agrave;ng giao từ nước ngo&agrave;i c&oacute; gi&aacute; trị tr&ecirc;n 1 triệu đồng).....</p>','Sổ Tay Lập Trình CNC','so-tay-lap-trinh-cnc.png',140000,50,0,51,28,'Dân Trí',0,100000,'2014-03-12 00:00:00.000000'),(96,'<p>Nội dụng cuốn s&aacute;ch bao qu&aacute;t c&aacute;c vấn đề cơ bản trong lĩnh vực robot, từ tr&iacute; tuệ nh&acirc;n tạo,hệ thống truyền động v&agrave; chuyển động, hệ thống cảm biến,điều khiển,cho đến c&aacute;c vấn đề cụ thể về nguồn điện, kết cấu , mạch điện, linh kiện điện tử, vận h&agrave;nh robot. Cuốn s&aacute;ch tập trung giới thiệu về phương ph&aacute;p thiết kế, chế tạo c&aacute;c robot, bao gốm robot di độngđiều khiển bằng giọng n&oacute;i, robot dựa tr&ecirc;n h&agrave;nh vi ứng xử,robot phỏng sinh học,robot di bộ, robot hoạt động dưới nước,tr&ecirc;n kho6ngva2 robot m&ocirc; phỏng b&agrave;n tay người. C&aacute;c robot n&agrave;y đều được tr&igrave;nh b&agrave;y chi tiết từ thiết kế,mạch điều khiển,chương tr&igrave;nh m&aacute;y t&iacute;nh, c&aacute;c linh kiện cần d&ugrave;ng cho đến phương ph&aacute;p chế tạo cụ thể. Với c&aacute;c hướng dẫn đ&oacute; bạn ho&agrave;n to&agrave;n c&oacute; thể tự chế tạo robot cho ri&ecirc;ng m&igrave;nh, trước hết l&agrave; thử chế tạo c&aacute;c mẫu trong s&aacute;ch v&agrave; khi đ&atilde; c&oacute; kinh nghiệm bạn c&oacute; thể tự thiết kế chế tạo robot theo &yacute; tưởng của m&igrave;nh. Chỉ cần một ch&uacute;t kh&eacute;o tay, t&iacute;nh ki&ecirc;n nhẫn v&agrave; l&ograve;ng đam m&ecirc;, chắc chắn bạn sẽ th&agrave;nh c&ocirc;ng.</p>','HƯỚNG DẪN THIẾT KẾ LẮP RÁP ROBOT','huong-dan-thiet-ke-lap-rap-robot.png',70000,50,0,51,28,'Dân Trí',0,50000,'2021-07-21 00:00:00.000000'),(97,'<p>PLC &ndash; Progammable Logic Controller, bộ điều khiển logic lập tr&igrave;nh, ng&agrave;y nay được sử dụng rất rộng r&atilde;i để điều khiển c&aacute;c thiết bị v&agrave; c&aacute;c qui tr&igrave;nh, đặc biệt l&agrave; trong c&ocirc;ng nghiệp. Nhiều trường dạy nghề,trung cấp đến cao đẳng, c&aacute;c trường đại học kỹ thuật đều c&oacute; chương tr&igrave;nh giảng dạy về PLC. Vấn đề ở đ&acirc;y l&agrave;: bản chất PLC l&agrave; g&igrave;. C&oacute; bao nhi&ecirc;u loại PLC. N&ecirc;n sử dụng loại n&agrave;o. V&agrave; chọn ng&ocirc;n ngữ lập tr&igrave;nh n&agrave;o.</p>','PLC Lập Trình Ứng Dụng Trong Công Nghiệp','plc-lap-trinh-ung-dung-trong-cong-nghiep.png',45000,50,0,51,28,'Dân Trí',0,40000,'2021-07-21 00:00:00.000000'),(98,'<p>Cuốn s&aacute;ch gồm những phần ch&iacute;nh như sau:</p>\r\n<p>PHẦN I. ĐIỀU KHIỂN ĐỘNG CƠ BẰNG CƠ ĐIỆN TỬ</p>\r\n<p>B&agrave;i tập 1.0: C&aacute;c mạch dừng - khởi động</p>\r\n<p>B&agrave;i tập 2.0: C&aacute;c mạch chạy - dừng theo chu kỳ</p>\r\n<p>B&agrave;i tập 3.0: Mạch thuận/đảo</p>\r\n<p>B&agrave;i tập 4.0: C&aacute;c mạch thời chuẩn</p>\r\n<p>B&agrave;i tập 5.0: Hệ thống truyền động AC</p>\r\n<p>PHẦN II. LẬP TR&Igrave;NH</p>\r\n<p>B&agrave;i tập 6.0: STOP - START (PLC)</p>\r\n<p>B&agrave;i tập 7.0: Chạy v&agrave; chạy dừng</p>\r\n<p>B&agrave;i tập 8.0: Băng tải bao</p>\r\n<p>B&agrave;i tập 9.0: Thuận đảo (TOF)</p>\r\n<p>B&agrave;i tập 10.0: Bộ đếm thuận/ngược</p>\r\n<p>B&agrave;i tập 11.0: Thuận/Đảo (theo thứ tự)</p>\r\n<p>B&agrave;i tập 12.0: Chu kỳ &eacute;p</p>\r\n<p>B&agrave;i tập 13.0: Thumbwheel</p>\r\n<p>B&agrave;i tập 14.0: Động cơ đa tốc độ.</p>','Thiết Kế Mạch Và Lập Trình PLC','thiet-ke-mach-va-lap-trinh-plc.png',45000,50,1,51,28,'Dân Trí',0,40000,'2021-07-21 00:00:00.000000'),(99,'<p>Sử dụng CNC, d&ugrave; chuy&ecirc;n nghiệp hay nghiệp dư, đều l&agrave; c&ocirc;ng việc rất th&uacute; vị, đang l&agrave; định hướng chủ đạo trong c&ocirc;ng nghệ chế tạo m&aacute;y hiện đại. C&oacute; nhiều nội dung trong quy tr&igrave;nh gia c&ocirc;ng, cả kiến thức v&agrave; phương ph&aacute;p thự ch&agrave;nh, CNC, v&agrave; tuy đ&atilde; c&oacute; nhiều cuốn s&aacute;ch về CNC, lập tr&igrave;nh m&atilde; G, cấu tr&uacute;c của m&aacute;y, hệ điều khiển,&hellip;, nhưng dường như vẫn chưa c&oacute; t&agrave;i liệu n&agrave;o hướng dẫn quy tr&igrave;nh tổng qu&aacute;t. Cuốn s&aacute;ch n&agrave;y kh&ocirc;ng nhằm thay thế c&aacute;c t&agrave;i liệu đ&atilde; c&oacute; về CNC, cũng kh&ocirc;ng tập trung v&agrave;o lĩnh vực chuy&ecirc;n s&acirc;u.Tuy nhi&ecirc;n, theo thời gian khi bạn đọc xong t&agrave;i liệu n&agrave;y, bạn sẽ c&oacute; kiến thức cơ bản về to&agrave;n bộ quy tr&igrave;nh CNC, từ đầu đến cuối.</p>','Sổ Tay Gia Công CNC','so-tay-gia-cong-cnc.png',110000,50,0,51,28,'Dân Trí',0,100000,'2021-07-21 00:00:00.000000'),(100,'<p>Nội dung gia c&ocirc;ng ren v&iacute;t bao gồm nguy&ecirc;n l&yacute; gia c&ocirc;ng ren tr&ecirc;n m&aacute;y tiện, thiết lập tỷ số truyền trục v&iacute;t me hệ Anh để gia c&ocirc;ng ren hệ m&eacute;t, m&aacute;y tiện với trục v&iacute;t me hệ m&eacute;t, gia c&ocirc;ng ren nhiều đầu mối, t&iacute;nh đồng bộ giữa c&aacute;c đường cắt khi gia c&ocirc;ng ren...</p>','Thực Hành Tính Toán Gia Công Bánh Răng Ren Vít','thuc-hanh-tinh-toan-gia-cong-banh-rang-ren-vit.png',37000,50,0,51,28,'Dân Trí',0,30000,'2021-07-21 00:00:00.000000'),(101,'<p>Android l&agrave; hệ điều h&agrave;nh thu h&uacute;t nhiều lập tr&igrave;nh vi&ecirc;n v&agrave; chiếm một thị phần lớn trong thị trường di động. Do vậy, đi c&ugrave;ng việc ph&aacute;t triển v&agrave; sử dụng c&aacute;c thiết bị phần cứng một c&aacute;ch hiệu quả th&igrave; việc ph&aacute;t triển c&aacute;c ứng dụng phần mềm chạy tr&ecirc;n nền Android c&agrave;ng l&uacute;c c&agrave;ng tăng cao.</p>','Giáo Trình Lập Trình Android','giao-trinh-lap-trinh-android.png',60200,50,0,52,28,'Dân Trí',0,55000,'2021-07-21 00:00:00.000000'),(102,'<p>Cuốn s&aacute;ch Lời giải b&agrave;i tập Python cơ bản của Thầy B&ugrave;i Việt H&agrave; hiện đ&atilde; c&oacute; mặt tại Tủ s&aacute;ch CS4S.</p>\r\n<p>Cuốn s&aacute;ch n&agrave;y bao gồm lời giải, đ&aacute;p số, chương tr&igrave;nh, hướng dẫn chi tiết&nbsp; cho tất cả 354&nbsp; b&agrave;i tập của cuốn PYTHON_CƠ_BẢN đ&atilde; được ph&aacute;t h&agrave;nh lần trước.</p>\r\n<p>- B&agrave;i tập của c&aacute;c chương sẽ được đ&aacute;nh số theo chương v&agrave; số thứ tự b&agrave;i.</p>\r\n<p>- Chương tr&igrave;nh chi tiết giải một b&agrave;i tập cụ thể sẽ lu&ocirc;n ghi r&otilde; t&ecirc;n b&agrave;i được giải ngay tại d&ograve;ng đầu ti&ecirc;n của chương tr&igrave;nh.</p>\r\n<p>- Trong s&aacute;ch ch&uacute;ng ta c&oacute; thể ph&acirc;n biệt r&otilde; r&agrave;ng khu&ocirc;n dạng thể hiện văn bản kh&aacute;c nhau giữa đề b&agrave;i.</p>','Lời giải bài tập Python cơ bản','loi-giai-bai-tap-python-co-ban.png',75000,50,0,53,28,'Dân Trí',0,70000,'2021-07-21 00:00:00.000000'),(103,'<p>N&oacute;i l&atilde;o Khoa &ldquo;Hầu chuyện Thượng Đế&rdquo;, nghe cứ rợn cả người. C&oacute; phải ai cũng hầu Ng&agrave;i được đ&acirc;u. Muốn cắp tr&aacute;p theo Ng&agrave;i th&igrave; ch&iacute; &iacute;t cũng phải l&agrave; &ocirc;ng Ti&ecirc;n, b&agrave; Ti&ecirc;n, hay c&aacute;c bậc tu h&agrave;nh đ&atilde; đắc đạo. Đằng n&agrave;y, l&atilde;o lại l&agrave; người trần mắt thịt, tướng mạo xấu x&iacute;, mồm phồng mũi tẹt, t&oacute;c tai bờm xờm. Người đ&acirc;u m&agrave; cứ tr&ograve;n &ugrave;ng ục như c&aacute;i b&igrave;nh v&ocirc;i. Bạn đọc dễ t&iacute;nh nhất cũng đ&acirc;m ra nghi ngờ:<em>&nbsp;&ldquo;Kh&ocirc;ng kh&eacute;o c&aacute;i l&atilde;o gi&agrave; n&agrave;y say rượu rồi, ăn n&oacute;i linh tinh qu&aacute;. Thượng Đế l&agrave; đấng Tối thượng, đấng Thần linh, đ&acirc;u c&oacute; thể đem ra cớt nhả, s&agrave;m sỡ. M&agrave; cứ n&oacute;i c&agrave;n, n&oacute;i nhảm, kh&ocirc;ng kh&eacute;o Ng&agrave;i vật chết! &rdquo;</em>.</p>\r\n<p>Nhưng m&agrave; kh&ocirc;ng. C&aacute;c Thượng Đế m&agrave; l&atilde;o cắp tr&aacute;p theo hầu, lại kh&ocirc;ng phải Thần linh. C&aacute;c Ng&agrave;i kh&ocirc;ng nương n&aacute;u tr&ecirc;n những c&otilde;i bồng lai, tối thẳm, hay chốn b&iacute; hiểm xa m&ugrave; n&agrave;o, m&agrave; ngự ngay trong c&otilde;i người đầy bụi bặm, trầm lu&acirc;n n&agrave;y. Đấy l&agrave; những bạn đọc khả k&iacute;nh của Tạp ch&iacute; &ldquo;Văn học v&agrave; tuổi trẻ&rdquo;, &ldquo;To&aacute;n tuổi thơ&rdquo;&hellip;</p>','Hầu Chuyện Thượng Đế','hau-chuyen-thuong-de.png',73500,50,0,50,2,'Kim Đồng',0,70000,'2021-07-21 00:00:00.000000'),(105,'<p>\"T&ocirc;i muốn đưa c&aacute;c bạn đi chu du một v&ograve;ng ra hải đảo. H&ograve;n đảo xa lắc ấy nằm trong quần đảo Trường Sa. Vậy Trường Sa l&agrave; g&igrave;? Trường Sa ở đ&acirc;u? Nếu t&ocirc;i đọc số kinh tuyến, vĩ tuyến nơi vị tr&iacute; của h&ograve;n đảo th&igrave; chắc c&aacute;c bạn cũng kh&oacute; m&agrave; h&igrave;nh dung được, v&igrave; n&oacute; tr&igrave;u tượng qu&aacute;, mung lung qu&aacute;. C&aacute;c bạn h&atilde;y nh&igrave;n l&ecirc;n bản đồ. Tổ quốc Việt Nam th&acirc;n y&ecirc;u của ch&uacute;ng ta tr&ecirc;n bản đồ thế giới tr&ocirc;ng giống như một b&agrave; mẹ gi&agrave; g&agrave;y g&ograve; đội n&oacute;n l&aacute;, lưng c&ograve;ng gập c&oacute; lẽ v&igrave; phải g&aacute;nh qu&aacute; nhiều sứ mệnh lịch sử. B&agrave; mẹ&nbsp; đ&aacute;ng thương ấy vẫn c&ograve;n lặn lội th&acirc;n c&ograve;, bước thập thững b&ecirc;n bờ s&oacute;ng. Tấm lưng c&ograve;ng gập quay ra đại dương. C&aacute;i ph&ecirc;n dậu giữ cho tấm lưng c&ograve;ng ấy khỏi lạnh ch&iacute;nh l&agrave; Trường Sa đấy.</p>\r\n<p>Trường Sa, n&oacute;i theo chữ của c&aacute;c cụ ta xưa th&igrave; n&oacute; l&agrave; một dải c&aacute;t d&agrave;i. Nhưng c&aacute;i h&ograve;n đảo t&ocirc;i dẫn c&aacute;c bạn tới c&ograve;n chưa c&oacute; cả c&aacute;t nữa kia. N&oacute; mới đang l&agrave; một v&ugrave;ng san h&ocirc; ngầm c&ograve;n ch&igrave;m s&acirc;u dưới nước ba m&eacute;t. C&aacute;c ch&agrave;ng&nbsp; l&iacute;nh trẻ của ch&uacute;ng ta đ&atilde; dựng ch&ograve;i giữa s&oacute;ng gi&oacute; hoang vu để canh giữ, bảo vệ.</p>','Đảo Chìm Trường Sa','dao-chim-truong-sa.png',41200,50,0,50,2,'Kim Đồng',0,35000,'2021-07-21 00:00:00.000000'),(106,'<p>Nh&agrave; thơ, nh&agrave; b&aacute;o B&ugrave;i Ho&agrave;ng T&aacute;m cho rằng, nếu Phạm Tiến Duật l&agrave;m n&ecirc;n một Trường Sơn kỳ vĩ trong thơ, th&igrave;&nbsp;<strong>Trần Đăng Khoa</strong>&nbsp;c&oacute; một Trường Sa sừng sững bằng văn chương được tạo dựng bởi t&agrave;i năng v&agrave; tr&aacute;i tim của một người l&iacute;nh đảo.</p>\r\n<p>Người viết về Trường Sa rất nhiều, nhưng viết như&nbsp;<strong>Trần Đăng Khoa</strong>&nbsp;th&igrave; cũng kh&ocirc;ng c&oacute; mấy ai. Từng l&agrave; một người l&iacute;nh hải qu&acirc;n, c&ugrave;ng đồng đội vật lộn với s&oacute;ng gi&oacute;,&nbsp;<strong>Trần Đăng Khoa</strong>&nbsp;khẳng định: &ldquo;&hellip;Ra đến Trường Sa, t&ocirc;i mới hiểu v&igrave; sao nước biển mặn. V&agrave; c&oacute; lẽ kh&ocirc;ng ở đ&acirc;u nước biển mặn như ở Biển Đ&ocirc;ng. Mặn như m&aacute;u&rdquo;&hellip; &nbsp;&nbsp;Đặc biệt l&agrave; thơ văn của anh về người l&iacute;nh, về Trường Sa, m&agrave; ti&ecirc;u biểu nhất l&agrave; tiểu thuyết \"Đảo ch&igrave;m\"... đ&atilde; l&agrave;m &ldquo;dậy s&oacute;ng&rdquo; trong tr&aacute;i tim h&agrave;ng ng&agrave;n người đọc.Trong c&aacute;ch &ldquo;lột tả&rdquo; t&agrave;i t&igrave;nh m&agrave; rất tinh tế, một Trường Sa gần gũi đến mức như l&agrave;ng x&oacute;m qu&ecirc; hương, như từng ng&ocirc;i nh&agrave;, từng ng&otilde; x&oacute;m, hiện hữu chứ kh&ocirc;ng mơ hồ, vời vợi hay kh&ocirc; khan như một chấm xanh tr&ecirc;n bản đồ. Phải n&oacute;i rằng, chưa thấy c&oacute; một c&acirc;y b&uacute;t n&agrave;o nhắc đến Trường Sa độc đ&aacute;o, vừa day dứt vừa y&ecirc;u thương đến thế!</p>','Trường Sa','truong-sa.png',40500,30,0,50,2,'Kim Đồng',0,30000,'2021-07-21 00:00:00.000000');
/*!40000 ALTER TABLE `book` ENABLE KEYS */;
UNLOCK TABLES;

--
-- Table structure for table `cart_item`
--

DROP TABLE IF EXISTS `cart_item`;
/*!40101 SET @saved_cs_client     = @@character_set_client */;
/*!50503 SET character_set_client = utf8mb4 */;
CREATE TABLE `cart_item` (
  `id` int NOT NULL AUTO_INCREMENT,
  `book_id` int DEFAULT NULL,
  `quantity` int DEFAULT NULL,
  `user_id` int DEFAULT NULL,
  `selected` bit(1) NOT NULL,
  PRIMARY KEY (`id`),
  KEY `fk_cart_item_book` (`book_id`),
  KEY `fk_cart_item_user` (`user_id`),
  CONSTRAINT `fk_cart_item_book` FOREIGN KEY (`book_id`) REFERENCES `book` (`id`),
  CONSTRAINT `fk_cart_item_user` FOREIGN KEY (`user_id`) REFERENCES `user` (`id`)
) ENGINE=InnoDB AUTO_INCREMENT=224 DEFAULT CHARSET=utf8mb4 COLLATE=utf8mb4_0900_ai_ci;
/*!40101 SET character_set_client = @saved_cs_client */;

--
-- Dumping data for table `cart_item`
--

LOCK TABLES `cart_item` WRITE;
/*!40000 ALTER TABLE `cart_item` DISABLE KEYS */;
INSERT INTO `cart_item` VALUES (223,64,2,72,_binary '\0');
/*!40000 ALTER TABLE `cart_item` ENABLE KEYS */;
UNLOCK TABLES;

--
-- Table structure for table `category`
--

DROP TABLE IF EXISTS `category`;
/*!40101 SET @saved_cs_client     = @@character_set_client */;
/*!50503 SET character_set_client = utf8mb4 */;
CREATE TABLE `category` (
  `id` int NOT NULL AUTO_INCREMENT,
  `name` varchar(200) DEFAULT NULL,
  PRIMARY KEY (`id`)
) ENGINE=InnoDB AUTO_INCREMENT=29 DEFAULT CHARSET=utf8mb4 COLLATE=utf8mb4_0900_ai_ci;
/*!40101 SET character_set_client = @saved_cs_client */;

--
-- Dumping data for table `category`
--

LOCK TABLES `category` WRITE;
/*!40000 ALTER TABLE `category` DISABLE KEYS */;
INSERT INTO `category` VALUES (1,'Sách kinh tế'),(2,'Sách văn học'),(3,'Sách tiếng anh'),(21,'Sách lịch sử'),(24,'Sách Tôn Giáo - Tâm Linh'),(25,'Sách Y Khoa '),(28,'Lập trình');
/*!40000 ALTER TABLE `category` ENABLE KEYS */;
UNLOCK TABLES;

--
-- Table structure for table `comment`
--

DROP TABLE IF EXISTS `comment`;
/*!40101 SET @saved_cs_client     = @@character_set_client */;
/*!50503 SET character_set_client = utf8mb4 */;
CREATE TABLE `comment` (
  `id` int NOT NULL AUTO_INCREMENT,
  `book_id` int DEFAULT NULL,
  `content` text,
  `created_at` datetime(6) DEFAULT NULL,
  `user_id` int DEFAULT NULL,
  PRIMARY KEY (`id`),
  KEY `fk_comment_book` (`book_id`),
  KEY `fk_comment_user` (`user_id`),
  CONSTRAINT `fk_comment_book` FOREIGN KEY (`book_id`) REFERENCES `book` (`id`),
  CONSTRAINT `fk_comment_user` FOREIGN KEY (`user_id`) REFERENCES `user` (`id`)
) ENGINE=InnoDB AUTO_INCREMENT=35 DEFAULT CHARSET=utf8mb4 COLLATE=utf8mb4_0900_ai_ci;
/*!40101 SET character_set_client = @saved_cs_client */;

--
-- Dumping data for table `comment`
--

LOCK TABLES `comment` WRITE;
/*!40000 ALTER TABLE `comment` DISABLE KEYS */;
INSERT INTO `comment` VALUES (30,89,'Tác phẩm cũng bình thường','2022-05-02 20:48:49.363000',72),(31,88,'Tác phẩm cũng được','2022-05-05 23:54:08.419000',72),(32,99,'Quyển sách khá hay','2022-05-14 00:49:19.218000',72),(33,103,'Tác phẩm rất hay và dễ đọc .','2022-05-16 07:22:43.883000',72),(34,98,'Cuốn sách khá hay.','2022-05-18 23:29:46.541000',72);
/*!40000 ALTER TABLE `comment` ENABLE KEYS */;
UNLOCK TABLES;

--
-- Table structure for table `favourite`
--

DROP TABLE IF EXISTS `favourite`;
/*!40101 SET @saved_cs_client     = @@character_set_client */;
/*!50503 SET character_set_client = utf8mb4 */;
CREATE TABLE `favourite` (
  `id` int NOT NULL AUTO_INCREMENT,
  `book_id` int DEFAULT NULL,
  `user_id` int DEFAULT NULL,
  PRIMARY KEY (`id`),
  KEY `fk_favourite_book` (`book_id`),
  KEY `fk_favourite_user` (`user_id`),
  CONSTRAINT `fk_favourite_book` FOREIGN KEY (`book_id`) REFERENCES `book` (`id`),
  CONSTRAINT `fk_favourite_user` FOREIGN KEY (`user_id`) REFERENCES `user` (`id`)
) ENGINE=InnoDB AUTO_INCREMENT=99 DEFAULT CHARSET=utf8mb4 COLLATE=utf8mb4_0900_ai_ci;
/*!40101 SET character_set_client = @saved_cs_client */;

--
-- Dumping data for table `favourite`
--

LOCK TABLES `favourite` WRITE;
/*!40000 ALTER TABLE `favourite` DISABLE KEYS */;
/*!40000 ALTER TABLE `favourite` ENABLE KEYS */;
UNLOCK TABLES;

--
-- Table structure for table `promotion`
--

DROP TABLE IF EXISTS `promotion`;
/*!40101 SET @saved_cs_client     = @@character_set_client */;
/*!50503 SET character_set_client = utf8mb4 */;
CREATE TABLE `promotion` (
  `id` int NOT NULL AUTO_INCREMENT,
  `content` varchar(255) DEFAULT NULL,
  `display` bit(1) NOT NULL,
  PRIMARY KEY (`id`)
) ENGINE=InnoDB AUTO_INCREMENT=16 DEFAULT CHARSET=utf8mb4 COLLATE=utf8mb4_0900_ai_ci;
/*!40101 SET character_set_client = @saved_cs_client */;

--
-- Dumping data for table `promotion`
--

LOCK TABLES `promotion` WRITE;
/*!40000 ALTER TABLE `promotion` DISABLE KEYS */;
INSERT INTO `promotion` VALUES (7,'<p>Bao s&aacute;ch miễn ph&iacute; (theo y&ecirc;u cầu) .</p>',_binary ''),(8,'<p>Tặng Bookmark cho mỗi đơn h&agrave;ng .</p>',_binary ''),(9,'<p><strong>Combo s&aacute;ch HOT - GIẢM 25%</strong></p>',_binary ''),(10,'<p><strong>Miễn ph&iacute; giao h&agrave;ng&nbsp;</strong>chođơn h&agrave;ng từ 150.000đ ở TP.HCMv&agrave; 300.000đ ở Tỉnh/Th&agrave;nhkh&aacute;c</p>',_binary '');
/*!40000 ALTER TABLE `promotion` ENABLE KEYS */;
UNLOCK TABLES;

--
-- Table structure for table `user`
--

DROP TABLE IF EXISTS `user`;
/*!40101 SET @saved_cs_client     = @@character_set_client */;
/*!50503 SET character_set_client = utf8mb4 */;
CREATE TABLE `user` (
  `id` int NOT NULL AUTO_INCREMENT,
  `email` varchar(200) NOT NULL,
  `first_name` varchar(200) DEFAULT NULL,
  `last_name` varchar(200) DEFAULT NULL,
  `password` varchar(255) NOT NULL,
  `role` varchar(200) DEFAULT NULL,
  `is_enabled` bit(1) NOT NULL,
  `verify_code` text,
  `created_at` datetime(6) DEFAULT NULL,
  `verified_at` datetime(6) DEFAULT NULL,
  PRIMARY KEY (`id`),
  UNIQUE KEY `UK_ob8kqyqqgmefl0aco34akdtpe` (`email`)
) ENGINE=InnoDB AUTO_INCREMENT=90 DEFAULT CHARSET=utf8mb4 COLLATE=utf8mb4_0900_ai_ci;
/*!40101 SET character_set_client = @saved_cs_client */;

--
-- Dumping data for table `user`
--

LOCK TABLES `user` WRITE;
/*!40000 ALTER TABLE `user` DISABLE KEYS */;
INSERT INTO `user` VALUES (71,'admin@gmail.com','Admin','Nguyen','$2a$12$q4anpGex2BWrAsZDaOQfzeAQqSgVfGRQM7VCFLKgbMfpHM0C6G.NS','ROLE_ADMIN',_binary '','$2a$12$guA/MAG8X61z2z6cjR8w/.wMh8CDhX2aoa0PPymTuTfD32QLd.jC','2022-05-02 09:27:09.880000','2022-05-02 09:27:09.880000'),(72,'nguyenducvinhthd@gmail.com','Vinh','Nguyen','$2a$10$cBD3VTj6Sh6CeZwUlL/w.O5/NubPREzbTJ6IPCNstkTmVuWtEvuJC','ROLE_USER',_binary '','3yBDQwnhWPkwTZ8ikXJVZ5Wwq0CtN055PFIqQISSDNgvi4wqO7QR1Aw5hqghKa1H','2022-05-02 20:37:22.494000','2022-05-02 20:38:01.255000'),(89,'anhhaiphecan217@gmail.com','vinh','nguyen','$2a$10$iSMSA3UfPNx/cgbz9S.2WuhXEJVwxjbOvI/VuIKLFfCEu3LzW/3A.','ROLE_USER',_binary '','m42w3t0JQgYpGlgrfVnXpyKzKtQTt1uggqUbv9JZ3GG6fPSsZLacFfofHlCDkRYQ','2022-05-16 15:01:11.707000','2022-05-16 15:01:22.958000');
/*!40000 ALTER TABLE `user` ENABLE KEYS */;
UNLOCK TABLES;
/*!40103 SET TIME_ZONE=@OLD_TIME_ZONE */;

/*!40101 SET SQL_MODE=@OLD_SQL_MODE */;
/*!40014 SET FOREIGN_KEY_CHECKS=@OLD_FOREIGN_KEY_CHECKS */;
/*!40014 SET UNIQUE_CHECKS=@OLD_UNIQUE_CHECKS */;
/*!40101 SET CHARACTER_SET_CLIENT=@OLD_CHARACTER_SET_CLIENT */;
/*!40101 SET CHARACTER_SET_RESULTS=@OLD_CHARACTER_SET_RESULTS */;
/*!40101 SET COLLATION_CONNECTION=@OLD_COLLATION_CONNECTION */;
/*!40111 SET SQL_NOTES=@OLD_SQL_NOTES */;

-- Dump completed on 2022-05-23 15:49:02
